"Path","Project","Symbols","ReferenceLines","OwnerCategory","CrossTickOrThread","ArchRefHeld","WorldSwitchOrStaleRisk","FailureCleanupOwner","TokenRequired"
"src/NSSLC.Application/Network/IProjectileNetworkCommandSessionQuery.cs","NSSLC.Application","EntityRuntime","1","network application owner/queue","Cross-tick/queued lifetime risk; validate at each call site","No current production Arch ref; old handle/snapshot value usage only","World/session switch risk; token required at boundary","request/owner boundary; reject stale request before World access","Yes for external/cached/queued reference resolution after migration"
"src/NSSLC.Application/Network/IProjectileNetworkOwnerThreadScheduler.cs","NSSLC.Application","EntityRuntime","2","network application owner/queue","Cross-tick/queued lifetime risk; validate at each call site","No current production Arch ref; old handle/snapshot value usage only","World/session switch risk; token required at boundary","request/owner boundary; reject stale request before World access","Yes for external/cached/queued reference resolution after migration"
"src/NSSLC.Application/Network/NetworkPlayerOwner.cs","NSSLC.Application","EntityRuntime;LoadedWorldSession;RuntimeEntityHandle;WorldRuntimeId","103","network application owner/queue","Cross-tick/queued lifetime risk; validate at each call site","No current production Arch ref; old handle/snapshot value usage only","World/session switch risk; token required at boundary","request/owner boundary; reject stale request before World access","Yes for external/cached/queued reference resolution after migration"
"src/NSSLC.Application/Network/NetworkPlayerOwner.Loadout.cs","NSSLC.Application","EntityRuntime;LoadedWorldSession","3","network application owner/queue","Cross-tick/queued lifetime risk; validate at each call site","No current production Arch ref; old handle/snapshot value usage only","World/session switch risk; token required at boundary","request/owner boundary; reject stale request before World access","Yes for external/cached/queued reference resolution after migration"
"src/NSSLC.Application/Network/NetworkPlayerOwner.State.cs","NSSLC.Application","EntityRuntime;LoadedWorldSession;RuntimeEntityHandle","46","network application owner/queue","Cross-tick/queued lifetime risk; validate at each call site","No current production Arch ref; old handle/snapshot value usage only","World/session switch risk; token required at boundary","request/owner boundary; reject stale request before World access","Yes for external/cached/queued reference resolution after migration"
"src/NSSLC.Application/Network/NetworkSessionContext.cs","NSSLC.Application","WorldRuntimeId","1","network application owner/queue","Cross-tick/queued lifetime risk; validate at each call site","No current production Arch ref; old handle/snapshot value usage only","World/session switch risk; token required at boundary","request/owner boundary; reject stale request before World access","Yes for external/cached/queued reference resolution after migration"
"src/NSSLC.Application/Network/NetworkWorldItemOwner.cs","NSSLC.Application","EntityRuntime;LoadedWorldSession;RuntimeEntityHandle;WorldRuntimeId","29","network application owner/queue","Cross-tick/queued lifetime risk; validate at each call site","No current production Arch ref; old handle/snapshot value usage only","World/session switch risk; token required at boundary","request/owner boundary; reject stale request before World access","Yes for external/cached/queued reference resolution after migration"
"src/NSSLC.Application/Network/NetworkWorldOwner.cs","NSSLC.Application","LoadedWorldSession","8","network application owner/queue","Cross-tick/queued lifetime risk; validate at each call site","No current production Arch ref; old handle/snapshot value usage only","World/session switch risk; token required at boundary","request/owner boundary; reject stale request before World access","Yes for external/cached/queued reference resolution after migration"
"src/NSSLC.Application/Network/ProjectileNetworkCommandOwner.cs","NSSLC.Application","EntityRuntime;RuntimeEntityHandle;WorldRuntimeId","5","network application owner/queue","Cross-tick/queued lifetime risk; validate at each call site","No current production Arch ref; old handle/snapshot value usage only","World/session switch risk; token required at boundary","request/owner boundary; reject stale request before World access","Yes for external/cached/queued reference resolution after migration"
"src/NSSLC.Application/Network/ProjectileNetworkCommandSession.cs","NSSLC.Application","EntityRuntime;LoadedWorldSession","5","network application owner/queue","Cross-tick/queued lifetime risk; validate at each call site","No current production Arch ref; old handle/snapshot value usage only","World/session switch risk; token required at boundary","request/owner boundary; reject stale request before World access","Yes for external/cached/queued reference resolution after migration"
"src/NSSLC.Application/Network/SocialNpcEffectOwner.cs","NSSLC.Application","EntityRuntime;LoadedWorldSession;RuntimeEntityHandle;WorldRuntimeId","44","network application owner/queue","Cross-tick/queued lifetime risk; validate at each call site","No current production Arch ref; old handle/snapshot value usage only","World/session switch risk; token required at boundary","request/owner boundary; reject stale request before World access","Yes for external/cached/queued reference resolution after migration"
"src/NSSLC.Application/Network/SocialNpcEffectSnapshot.cs","NSSLC.Application","RuntimeEntityHandle","2","network application owner/queue","Cross-tick/queued lifetime risk; validate at each call site","No current production Arch ref; old handle/snapshot value usage only","World/session switch risk; token required at boundary","request/owner boundary; reject stale request before World access","Yes for external/cached/queued reference resolution after migration"
"src/NSSLC.Application/Network/SocialPlayerNpcInteractionSnapshot.cs","NSSLC.Application","WorldRuntimeId","1","network application owner/queue","Cross-tick/queued lifetime risk; validate at each call site","No current production Arch ref; old handle/snapshot value usage only","World/session switch risk; token required at boundary","request/owner boundary; reject stale request before World access","Yes for external/cached/queued reference resolution after migration"
"src/NSSLC.Application/Network/SocialProjectileSpawnSnapshot.cs","NSSLC.Application","RuntimeEntityHandle","2","network application owner/queue","Cross-tick/queued lifetime risk; validate at each call site","No current production Arch ref; old handle/snapshot value usage only","World/session switch risk; token required at boundary","request/owner boundary; reject stale request before World access","Yes for external/cached/queued reference resolution after migration"
"src/NSSLC.Application/Simulation/WorldSimulationKernel.cs","NSSLC.Application","LoadedWorldSession","4","other production caller","Unresolved from symbol scan","No current production Arch ref; old handle/snapshot value usage only","Review lifecycle owner","Domain relationship owner / exact path review","Yes for external/cached/queued reference resolution after migration"
"src/NSSLC.Application/Simulation/WorldSimulationTickContext.cs","NSSLC.Application","LoadedWorldSession","2","other production caller","Unresolved from symbol scan","No current production Arch ref; old handle/snapshot value usage only","Review lifecycle owner","Domain relationship owner / exact path review","Yes for external/cached/queued reference resolution after migration"
"src/NSSLC.Application/WorldStorage/Loading/LoadedWorldSession.cs","NSSLC.Application","EntityIdentityRegistry;EntityRuntime;LoadedWorldSession;WorldRuntimeId;WorldStorageRoot","13","load/session/persistence coordinator","Unresolved from symbol scan","No current production Arch ref; old handle/snapshot value usage only","World/session switch risk; token required at boundary","LoadedWorldSession/WorldLoadCoordinator candidate rollback","Yes for external/cached/queued reference resolution after migration"
"src/NSSLC.Application/WorldStorage/Loading/WorldBackgroundLoadApi.cs","NSSLC.Application","LoadedWorldSession","2","load/session/persistence coordinator","Unresolved from symbol scan","No current production Arch ref; old handle/snapshot value usage only","World/session switch risk; token required at boundary","LoadedWorldSession/WorldLoadCoordinator candidate rollback","Yes for external/cached/queued reference resolution after migration"
"src/NSSLC.Application/WorldStorage/Loading/WorldBannerLoadApi.cs","NSSLC.Application","LoadedWorldSession","2","load/session/persistence coordinator","Unresolved from symbol scan","No current production Arch ref; old handle/snapshot value usage only","World/session switch risk; token required at boundary","LoadedWorldSession/WorldLoadCoordinator candidate rollback","Yes for external/cached/queued reference resolution after migration"
"src/NSSLC.Application/WorldStorage/Loading/WorldBestiaryLoadApi.cs","NSSLC.Application","LoadedWorldSession","2","load/session/persistence coordinator","Unresolved from symbol scan","No current production Arch ref; old handle/snapshot value usage only","World/session switch risk; token required at boundary","LoadedWorldSession/WorldLoadCoordinator candidate rollback","Yes for external/cached/queued reference resolution after migration"
"src/NSSLC.Application/WorldStorage/Loading/WorldBossProgressionLoadApi.cs","NSSLC.Application","LoadedWorldSession","2","load/session/persistence coordinator","Unresolved from symbol scan","No current production Arch ref; old handle/snapshot value usage only","World/session switch risk; token required at boundary","LoadedWorldSession/WorldLoadCoordinator candidate rollback","Yes for external/cached/queued reference resolution after migration"
"src/NSSLC.Application/WorldStorage/Loading/WorldChestLoadApi.cs","NSSLC.Application","LoadedWorldSession","2","load/session/persistence coordinator","Unresolved from symbol scan","No current production Arch ref; old handle/snapshot value usage only","World/session switch risk; token required at boundary","LoadedWorldSession/WorldLoadCoordinator candidate rollback","Yes for external/cached/queued reference resolution after migration"
"src/NSSLC.Application/WorldStorage/Loading/WorldCreativePowersLoadApi.cs","NSSLC.Application","LoadedWorldSession","2","load/session/persistence coordinator","Unresolved from symbol scan","No current production Arch ref; old handle/snapshot value usage only","World/session switch risk; token required at boundary","LoadedWorldSession/WorldLoadCoordinator candidate rollback","Yes for external/cached/queued reference resolution after migration"
"src/NSSLC.Application/WorldStorage/Loading/WorldDefenderEventLoadApi.cs","NSSLC.Application","LoadedWorldSession","2","load/session/persistence coordinator","Unresolved from symbol scan","No current production Arch ref; old handle/snapshot value usage only","World/session switch risk; token required at boundary","LoadedWorldSession/WorldLoadCoordinator candidate rollback","Yes for external/cached/queued reference resolution after migration"
"src/NSSLC.Application/WorldStorage/Loading/WorldEnvironmentLoadApi.cs","NSSLC.Application","LoadedWorldSession","2","load/session/persistence coordinator","Unresolved from symbol scan","No current production Arch ref; old handle/snapshot value usage only","World/session switch risk; token required at boundary","LoadedWorldSession/WorldLoadCoordinator candidate rollback","Yes for external/cached/queued reference resolution after migration"
"src/NSSLC.Application/WorldStorage/Loading/WorldEventLoadApi.cs","NSSLC.Application","LoadedWorldSession","2","load/session/persistence coordinator","Unresolved from symbol scan","No current production Arch ref; old handle/snapshot value usage only","World/session switch risk; token required at boundary","LoadedWorldSession/WorldLoadCoordinator candidate rollback","Yes for external/cached/queued reference resolution after migration"
"src/NSSLC.Application/WorldStorage/Loading/WorldFooterLoadApi.cs","NSSLC.Application","LoadedWorldSession","2","load/session/persistence coordinator","Unresolved from symbol scan","No current production Arch ref; old handle/snapshot value usage only","World/session switch risk; token required at boundary","LoadedWorldSession/WorldLoadCoordinator candidate rollback","Yes for external/cached/queued reference resolution after migration"
"src/NSSLC.Application/WorldStorage/Loading/WorldHeaderLoadApi.cs","NSSLC.Application","LoadedWorldSession","2","load/session/persistence coordinator","Unresolved from symbol scan","No current production Arch ref; old handle/snapshot value usage only","World/session switch risk; token required at boundary","LoadedWorldSession/WorldLoadCoordinator candidate rollback","Yes for external/cached/queued reference resolution after migration"
"src/NSSLC.Application/WorldStorage/Loading/WorldMetadataLoadApi.cs","NSSLC.Application","LoadedWorldSession","2","load/session/persistence coordinator","Unresolved from symbol scan","No current production Arch ref; old handle/snapshot value usage only","World/session switch risk; token required at boundary","LoadedWorldSession/WorldLoadCoordinator candidate rollback","Yes for external/cached/queued reference resolution after migration"
"src/NSSLC.Application/WorldStorage/Loading/WorldNpcLoadApi.cs","NSSLC.Application","LoadedWorldSession","2","load/session/persistence coordinator","Unresolved from symbol scan","No current production Arch ref; old handle/snapshot value usage only","World/session switch risk; token required at boundary","LoadedWorldSession/WorldLoadCoordinator candidate rollback","Yes for external/cached/queued reference resolution after migration"
"src/NSSLC.Application/WorldStorage/Loading/WorldNpcUnlockLoadApi.cs","NSSLC.Application","LoadedWorldSession","2","load/session/persistence coordinator","Unresolved from symbol scan","No current production Arch ref; old handle/snapshot value usage only","World/session switch risk; token required at boundary","LoadedWorldSession/WorldLoadCoordinator candidate rollback","Yes for external/cached/queued reference resolution after migration"
"src/NSSLC.Application/WorldStorage/Loading/WorldPartyLoadApi.cs","NSSLC.Application","LoadedWorldSession","2","load/session/persistence coordinator","Unresolved from symbol scan","No current production Arch ref; old handle/snapshot value usage only","World/session switch risk; token required at boundary","LoadedWorldSession/WorldLoadCoordinator candidate rollback","Yes for external/cached/queued reference resolution after migration"
"src/NSSLC.Application/WorldStorage/Loading/WorldPressurePlateLoadApi.cs","NSSLC.Application","LoadedWorldSession","2","load/session/persistence coordinator","Unresolved from symbol scan","No current production Arch ref; old handle/snapshot value usage only","World/session switch risk; token required at boundary","LoadedWorldSession/WorldLoadCoordinator candidate rollback","Yes for external/cached/queued reference resolution after migration"
"src/NSSLC.Application/WorldStorage/Loading/WorldProgressionLoadApi.cs","NSSLC.Application","LoadedWorldSession","2","load/session/persistence coordinator","Unresolved from symbol scan","No current production Arch ref; old handle/snapshot value usage only","World/session switch risk; token required at boundary","LoadedWorldSession/WorldLoadCoordinator candidate rollback","Yes for external/cached/queued reference resolution after migration"
"src/NSSLC.Application/WorldStorage/Loading/WorldQuestLoadApi.cs","NSSLC.Application","LoadedWorldSession","2","load/session/persistence coordinator","Unresolved from symbol scan","No current production Arch ref; old handle/snapshot value usage only","World/session switch risk; token required at boundary","LoadedWorldSession/WorldLoadCoordinator candidate rollback","Yes for external/cached/queued reference resolution after migration"
"src/NSSLC.Application/WorldStorage/Loading/WorldSandstormLoadApi.cs","NSSLC.Application","LoadedWorldSession","2","load/session/persistence coordinator","Unresolved from symbol scan","No current production Arch ref; old handle/snapshot value usage only","World/session switch risk; token required at boundary","LoadedWorldSession/WorldLoadCoordinator candidate rollback","Yes for external/cached/queued reference resolution after migration"
"src/NSSLC.Application/WorldStorage/Loading/WorldSeasonalLoadApi.cs","NSSLC.Application","LoadedWorldSession","2","load/session/persistence coordinator","Unresolved from symbol scan","No current production Arch ref; old handle/snapshot value usage only","World/session switch risk; token required at boundary","LoadedWorldSession/WorldLoadCoordinator candidate rollback","Yes for external/cached/queued reference resolution after migration"
"src/NSSLC.Application/WorldStorage/Loading/WorldSectionLoadApi.cs","NSSLC.Application","LoadedWorldSession","4","load/session/persistence coordinator","Unresolved from symbol scan","No current production Arch ref; old handle/snapshot value usage only","World/session switch risk; token required at boundary","LoadedWorldSession/WorldLoadCoordinator candidate rollback","Yes for external/cached/queued reference resolution after migration"
"src/NSSLC.Application/WorldStorage/Loading/WorldSignLoadApi.cs","NSSLC.Application","LoadedWorldSession","2","load/session/persistence coordinator","Unresolved from symbol scan","No current production Arch ref; old handle/snapshot value usage only","World/session switch risk; token required at boundary","LoadedWorldSession/WorldLoadCoordinator candidate rollback","Yes for external/cached/queued reference resolution after migration"
"src/NSSLC.Application/WorldStorage/Loading/WorldSpawnLoadApi.cs","NSSLC.Application","LoadedWorldSession","2","load/session/persistence coordinator","Unresolved from symbol scan","No current production Arch ref; old handle/snapshot value usage only","World/session switch risk; token required at boundary","LoadedWorldSession/WorldLoadCoordinator candidate rollback","Yes for external/cached/queued reference resolution after migration"
"src/NSSLC.Application/WorldStorage/Loading/WorldTileEntityLoadApi.cs","NSSLC.Application","LoadedWorldSession","5","load/session/persistence coordinator","Unresolved from symbol scan","No current production Arch ref; old handle/snapshot value usage only","World/session switch risk; token required at boundary","LoadedWorldSession/WorldLoadCoordinator candidate rollback","Yes for external/cached/queued reference resolution after migration"
"src/NSSLC.Application/WorldStorage/Loading/WorldTilePayloadLoadApi.cs","NSSLC.Application","LoadedWorldSession","4","load/session/persistence coordinator","Unresolved from symbol scan","No current production Arch ref; old handle/snapshot value usage only","World/session switch risk; token required at boundary","LoadedWorldSession/WorldLoadCoordinator candidate rollback","Yes for external/cached/queued reference resolution after migration"
"src/NSSLC.Application/WorldStorage/Loading/WorldTimePolicyLoadApi.cs","NSSLC.Application","LoadedWorldSession","2","load/session/persistence coordinator","Unresolved from symbol scan","No current production Arch ref; old handle/snapshot value usage only","World/session switch risk; token required at boundary","LoadedWorldSession/WorldLoadCoordinator candidate rollback","Yes for external/cached/queued reference resolution after migration"
"src/NSSLC.Application/WorldStorage/Loading/WorldTownManagerLoadApi.cs","NSSLC.Application","LoadedWorldSession","2","load/session/persistence coordinator","Unresolved from symbol scan","No current production Arch ref; old handle/snapshot value usage only","World/session switch risk; token required at boundary","LoadedWorldSession/WorldLoadCoordinator candidate rollback","Yes for external/cached/queued reference resolution after migration"
"src/NSSLC.Application/WorldStorage/Persistence/IWorldLoadLifecycleProjection.cs","NSSLC.Application","LoadedWorldSession","2","load/session/persistence coordinator","Unresolved from symbol scan","No current production Arch ref; old handle/snapshot value usage only","World/session switch risk; token required at boundary","LoadedWorldSession/WorldLoadCoordinator candidate rollback","Yes for external/cached/queued reference resolution after migration"
"src/NSSLC.Application/WorldStorage/Persistence/IWorldLoadRecoveryEffects.cs","NSSLC.Application","LoadedWorldSession","4","load/session/persistence coordinator","Unresolved from symbol scan","No current production Arch ref; old handle/snapshot value usage only","World/session switch risk; token required at boundary","LoadedWorldSession/WorldLoadCoordinator candidate rollback","Yes for external/cached/queued reference resolution after migration"
"src/NSSLC.Application/WorldStorage/Persistence/WorldLoadCoordinator.cs","NSSLC.Application","LoadedWorldSession","2","load/session/persistence coordinator","Unresolved from symbol scan","No current production Arch ref; old handle/snapshot value usage only","World/session switch risk; token required at boundary","LoadedWorldSession/WorldLoadCoordinator candidate rollback","Yes for external/cached/queued reference resolution after migration"
"src/NSSLC.Application/WorldStorage/Persistence/WorldLoadRecoveryCoordinator.cs","NSSLC.Application","LoadedWorldSession","13","load/session/persistence coordinator","Unresolved from symbol scan","No current production Arch ref; old handle/snapshot value usage only","World/session switch risk; token required at boundary","LoadedWorldSession/WorldLoadCoordinator candidate rollback","Yes for external/cached/queued reference resolution after migration"
"src/NSSLC.Infrastructure/Network/PacketGateway.cs","NSSLC.Infrastructure","WorldRuntimeId","2","network adapter","Cross-tick/queued lifetime risk; validate at each call site","No current production Arch ref; old handle/snapshot value usage only","World/session switch risk; token required at boundary","request/owner boundary; reject stale request before World access","Yes for external/cached/queued reference resolution after migration"
"src/NSSLC.Infrastructure/Network/SocialPacketHandlers.cs","NSSLC.Infrastructure","WorldRuntimeId","3","network adapter","Cross-tick/queued lifetime risk; validate at each call site","No current production Arch ref; old handle/snapshot value usage only","World/session switch risk; token required at boundary","request/owner boundary; reject stale request before World access","Yes for external/cached/queued reference resolution after migration"
"src/NSSLC.Infrastructure/Network/WorldDataPacketHandler.cs","NSSLC.Infrastructure","WorldRuntimeId","1","network adapter","Cross-tick/queued lifetime risk; validate at each call site","No current production Arch ref; old handle/snapshot value usage only","World/session switch risk; token required at boundary","request/owner boundary; reject stale request before World access","Yes for external/cached/queued reference resolution after migration"
"src/NSSLC.Infrastructure/Network/WorldSynchronizationPacketHandlers.cs","NSSLC.Infrastructure","WorldRuntimeId","8","network adapter","Cross-tick/queued lifetime risk; validate at each call site","No current production Arch ref; old handle/snapshot value usage only","World/session switch risk; token required at boundary","request/owner boundary; reject stale request before World access","Yes for external/cached/queued reference resolution after migration"
"src/NSSLC.Infrastructure/WorldStorage/Generation/LegacyWorldChestAndSignProjection.cs","NSSLC.Infrastructure","LoadedWorldSession","3","world storage adapter/projection","Cross-tick/queued lifetime risk; validate at each call site","No current production Arch ref; old handle/snapshot value usage only","World/session switch risk; token required at boundary","Domain relationship owner / exact path review","Yes for external/cached/queued reference resolution after migration"
"src/NSSLC.Infrastructure/WorldStorage/Generation/LegacyWorldLoadRecoveryEffects.cs","NSSLC.Infrastructure","LoadedWorldSession","17","world storage adapter/projection","Cross-tick/queued lifetime risk; validate at each call site","No current production Arch ref; old handle/snapshot value usage only","World/session switch risk; token required at boundary","Domain relationship owner / exact path review","Yes for external/cached/queued reference resolution after migration"
"src/NSSLC.Infrastructure/WorldStorage/Generation/LegacyWorldPressurePlateProjection.cs","NSSLC.Infrastructure","LoadedWorldSession","6","world storage adapter/projection","Cross-tick/queued lifetime risk; validate at each call site","No current production Arch ref; old handle/snapshot value usage only","World/session switch risk; token required at boundary","Domain relationship owner / exact path review","Yes for external/cached/queued reference resolution after migration"
"src/NSSLC.Infrastructure/WorldStorage/Generation/LegacyWorldSessionProjection.cs","NSSLC.Infrastructure","LoadedWorldSession","4","world storage adapter/projection","Cross-tick/queued lifetime risk; validate at each call site","No current production Arch ref; old handle/snapshot value usage only","World/session switch risk; token required at boundary","Domain relationship owner / exact path review","Yes for external/cached/queued reference resolution after migration"
"src/NSSLC.Infrastructure/WorldStorage/Generation/LegacyWorldTileEntityMigration.cs","NSSLC.Infrastructure","LoadedWorldSession","1","world storage adapter/projection","Cross-tick/queued lifetime risk; validate at each call site","No current production Arch ref; old handle/snapshot value usage only","World/session switch risk; token required at boundary","Domain relationship owner / exact path review","Yes for external/cached/queued reference resolution after migration"
"src/NSSLC.Infrastructure/WorldStorage/Generation/LegacyWorldTileEntityProjection.cs","NSSLC.Infrastructure","LoadedWorldSession","5","world storage adapter/projection","Cross-tick/queued lifetime risk; validate at each call site","No current production Arch ref; old handle/snapshot value usage only","World/session switch risk; token required at boundary","Domain relationship owner / exact path review","Yes for external/cached/queued reference resolution after migration"
"src/NSSLC.Infrastructure/WorldStorage/Generation/LegacyWorldTileEntitySavePreparation.cs","NSSLC.Infrastructure","LoadedWorldSession","2","world storage adapter/projection","Cross-tick/queued lifetime risk; validate at each call site","No current production Arch ref; old handle/snapshot value usage only","World/session switch risk; token required at boundary","Domain relationship owner / exact path review","Yes for external/cached/queued reference resolution after migration"
"src/NSSLC.Infrastructure/WorldStorage/Generation/LegacyWorldTileMapProjection.cs","NSSLC.Infrastructure","LoadedWorldSession","20","world storage adapter/projection","Cross-tick/queued lifetime risk; validate at each call site","No current production Arch ref; old handle/snapshot value usage only","World/session switch risk; token required at boundary","Domain relationship owner / exact path review","Yes for external/cached/queued reference resolution after migration"
"src/NSSLC.Infrastructure/WorldStorage/Generation/LegacyWorldTreeTopsProjection.cs","NSSLC.Infrastructure","LoadedWorldSession","1","world storage adapter/projection","Cross-tick/queued lifetime risk; validate at each call site","No current production Arch ref; old handle/snapshot value usage only","World/session switch risk; token required at boundary","Domain relationship owner / exact path review","Yes for external/cached/queued reference resolution after migration"
"src/NSSLC.Infrastructure/WorldStorage/Generation/LoadedWorldPersistenceSnapshotSource.cs","NSSLC.Infrastructure","LoadedWorldSession","4","world storage adapter/projection","Cross-tick/queued lifetime risk; validate at each call site","No current production Arch ref; old handle/snapshot value usage only","World/session switch risk; token required at boundary","Domain relationship owner / exact path review","Yes for external/cached/queued reference resolution after migration"
"src/NSSLC.Infrastructure/WorldStorage/NetworkWorldSessionLoader.cs","NSSLC.Infrastructure","LoadedWorldSession","2","world storage adapter/projection","Cross-tick/queued lifetime risk; validate at each call site","No current production Arch ref; old handle/snapshot value usage only","World/session switch risk; token required at boundary","Domain relationship owner / exact path review","Yes for external/cached/queued reference resolution after migration"
"src/NSSLC.Infrastructure/WorldStorage/WorldStorageCoordinatorFactory.cs","NSSLC.Infrastructure","EntityRuntime;LoadedWorldSession","57","world storage adapter/projection","Cross-tick/queued lifetime risk; validate at each call site","No current production Arch ref; old handle/snapshot value usage only","World/session switch risk; token required at boundary","Domain relationship owner / exact path review","Yes for external/cached/queued reference resolution after migration"
"src/NSSLC.Tools.NetworkServer/Program.cs","NSSLC.Tools.NetworkServer","EntityRuntime;WorldRuntimeId","1","network host composition","Cross-tick/queued lifetime risk; validate at each call site","No current production Arch ref; old handle/snapshot value usage only","World/session switch risk; token required at boundary","request/owner boundary; reject stale request before World access","Yes for external/cached/queued reference resolution after migration"
"src/NSSLC.Tools.Simulation/ActiveLiquidTickPhase.cs","NSSLC.Tools.Simulation","LoadedWorldSession","2","simulation host/runtime owner","Cross-tick/queued lifetime risk; validate at each call site","No current production Arch ref; old handle/snapshot value usage only","World/session switch risk; token required at boundary","Runtime* owner and simulation host cleanup","Yes for external/cached/queued reference resolution after migration"
"src/NSSLC.Tools.Simulation/ActivePressurePlateTickPhase.cs","NSSLC.Tools.Simulation","LoadedWorldSession","1","simulation host/runtime owner","Cross-tick/queued lifetime risk; validate at each call site","No current production Arch ref; old handle/snapshot value usage only","World/session switch risk; token required at boundary","Runtime* owner and simulation host cleanup","Yes for external/cached/queued reference resolution after migration"
"src/NSSLC.Tools.Simulation/ActiveTileEntityTickPhase.cs","NSSLC.Tools.Simulation","LoadedWorldSession","9","simulation host/runtime owner","Cross-tick/queued lifetime risk; validate at each call site","No current production Arch ref; old handle/snapshot value usage only","World/session switch risk; token required at boundary","Runtime* owner and simulation host cleanup","Yes for external/cached/queued reference resolution after migration"
"src/NSSLC.Tools.Simulation/NpcTaskLifecycleProbe.cs","NSSLC.Tools.Simulation","EntityRuntime;LoadedWorldSession","2","simulation host/runtime owner","Cross-tick/queued lifetime risk; validate at each call site","No current production Arch ref; old handle/snapshot value usage only","World/session switch risk; token required at boundary","Runtime* owner and simulation host cleanup","Yes for external/cached/queued reference resolution after migration"
"src/NSSLC.Tools.Simulation/PressurePlateProbeInstaller.cs","NSSLC.Tools.Simulation","LoadedWorldSession","1","simulation host/runtime owner","Cross-tick/queued lifetime risk; validate at each call site","No current production Arch ref; old handle/snapshot value usage only","World/session switch risk; token required at boundary","Runtime* owner and simulation host cleanup","Yes for external/cached/queued reference resolution after migration"
"src/NSSLC.Tools.Simulation/Program.cs","NSSLC.Tools.Simulation","EntityIdentityRegistry;EntityRuntime;LoadedWorldSession;RuntimeEntityHandle","63","simulation host/runtime owner","Cross-tick/queued lifetime risk; validate at each call site","No current production Arch ref; old handle/snapshot value usage only","World/session switch risk; token required at boundary","Runtime* owner and simulation host cleanup","Yes for external/cached/queued reference resolution after migration"
"src/NSSLC.Tools.Simulation/RuntimeItemRegistry.cs","NSSLC.Tools.Simulation","EntityComponentSnapshot;EntityRuntime;RuntimeEntityHandle","36","simulation host/runtime owner","Cross-tick/queued lifetime risk; validate at each call site","No current production Arch ref; old handle/snapshot value usage only","World/session switch risk; token required at boundary","Runtime* owner and simulation host cleanup","Yes for external/cached/queued reference resolution after migration"
"src/NSSLC.Tools.Simulation/RuntimeNpcEntity.cs","NSSLC.Tools.Simulation","EntityRuntime;RuntimeEntityHandle","5","simulation host/runtime owner","Cross-tick/queued lifetime risk; validate at each call site","No current production Arch ref; old handle/snapshot value usage only","World/session switch risk; token required at boundary","Runtime* owner and simulation host cleanup","Yes for external/cached/queued reference resolution after migration"
"src/NSSLC.Tools.Simulation/RuntimeNpcHomeReturnCollisionQuery.cs","NSSLC.Tools.Simulation","LoadedWorldSession","2","simulation host/runtime owner","Cross-tick/queued lifetime risk; validate at each call site","No current production Arch ref; old handle/snapshot value usage only","World/session switch risk; token required at boundary","Runtime* owner and simulation host cleanup","Yes for external/cached/queued reference resolution after migration"
"src/NSSLC.Tools.Simulation/RuntimeNpcNaturalSpawnPass.cs","NSSLC.Tools.Simulation","LoadedWorldSession","3","simulation host/runtime owner","Cross-tick/queued lifetime risk; validate at each call site","No current production Arch ref; old handle/snapshot value usage only","World/session switch risk; token required at boundary","Runtime* owner and simulation host cleanup","Yes for external/cached/queued reference resolution after migration"
"src/NSSLC.Tools.Simulation/RuntimeNpcProjectileTargetSnapshot.cs","NSSLC.Tools.Simulation","RuntimeEntityHandle","1","simulation host/runtime owner","Cross-tick/queued lifetime risk; validate at each call site","No current production Arch ref; old handle/snapshot value usage only","World/session switch risk; token required at boundary","Runtime* owner and simulation host cleanup","Yes for external/cached/queued reference resolution after migration"
"src/NSSLC.Tools.Simulation/RuntimeNpcStore.cs","NSSLC.Tools.Simulation","EntityIdentityRegistry;EntityRuntime;LoadedWorldSession;RuntimeEntityHandle","48","simulation host/runtime owner","Cross-tick/queued lifetime risk; validate at each call site","No current production Arch ref; old handle/snapshot value usage only","World/session switch risk; token required at boundary","Runtime* owner and simulation host cleanup","Yes for external/cached/queued reference resolution after migration"
"src/NSSLC.Tools.Simulation/RuntimeNpcTargetSelectionAdapter.cs","NSSLC.Tools.Simulation","LoadedWorldSession;RuntimeEntityHandle","3","simulation host/runtime owner","Cross-tick/queued lifetime risk; validate at each call site","No current production Arch ref; old handle/snapshot value usage only","World/session switch risk; token required at boundary","Runtime* owner and simulation host cleanup","Yes for external/cached/queued reference resolution after migration"
"src/NSSLC.Tools.Simulation/RuntimeNpcTrainingDummyBinding.cs","NSSLC.Tools.Simulation","RuntimeEntityHandle","1","simulation host/runtime owner","Cross-tick/queued lifetime risk; validate at each call site","No current production Arch ref; old handle/snapshot value usage only","World/session switch risk; token required at boundary","Runtime* owner and simulation host cleanup","Yes for external/cached/queued reference resolution after migration"
"src/NSSLC.Tools.Simulation/RuntimePlayerEntity.cs","NSSLC.Tools.Simulation","EntityRuntime;RuntimeEntityHandle","8","simulation host/runtime owner","Cross-tick/queued lifetime risk; validate at each call site","No current production Arch ref; old handle/snapshot value usage only","World/session switch risk; token required at boundary","Runtime* owner and simulation host cleanup","Yes for external/cached/queued reference resolution after migration"
"src/NSSLC.Tools.Simulation/RuntimePlayerInventoryOwner.cs","NSSLC.Tools.Simulation","EntityRuntime;RuntimeEntityHandle","5","simulation host/runtime owner","Cross-tick/queued lifetime risk; validate at each call site","No current production Arch ref; old handle/snapshot value usage only","World/session switch risk; token required at boundary","Runtime* owner and simulation host cleanup","Yes for external/cached/queued reference resolution after migration"
"src/NSSLC.Tools.Simulation/RuntimePlayerStore.cs","NSSLC.Tools.Simulation","EntityIdentityRegistry;EntityRuntime;LoadedWorldSession;RuntimeEntityHandle","28","simulation host/runtime owner","Cross-tick/queued lifetime risk; validate at each call site","No current production Arch ref; old handle/snapshot value usage only","World/session switch risk; token required at boundary","Runtime* owner and simulation host cleanup","Yes for external/cached/queued reference resolution after migration"
"src/NSSLC.Tools.Simulation/RuntimeProjectileStore.cs","NSSLC.Tools.Simulation","EntityRuntime;LoadedWorldSession;RuntimeEntityHandle","10","simulation host/runtime owner","Cross-tick/queued lifetime risk; validate at each call site","No current production Arch ref; old handle/snapshot value usage only","World/session switch risk; token required at boundary","Runtime* owner and simulation host cleanup","Yes for external/cached/queued reference resolution after migration"
"src/NSSLC.Tools.Simulation/RuntimeSpatialEntityVerification.cs","NSSLC.Tools.Simulation","EntityComponentSnapshot;EntityRuntime;RuntimeEntityHandle","34","simulation host/runtime owner","Cross-tick/queued lifetime risk; validate at each call site","No current production Arch ref; old handle/snapshot value usage only","World/session switch risk; token required at boundary","Runtime* owner and simulation host cleanup","Yes for external/cached/queued reference resolution after migration"
"src/NSSLC.Tools.Simulation/RuntimeSteamItemNetworkCommandOwner.cs","NSSLC.Tools.Simulation","EntityRuntime;LoadedWorldSession;WorldRuntimeId","3","simulation host/runtime owner","Cross-tick/queued lifetime risk; validate at each call site","No current production Arch ref; old handle/snapshot value usage only","World/session switch risk; token required at boundary","Runtime* owner and simulation host cleanup","Yes for external/cached/queued reference resolution after migration"
"src/NSSLC.Tools.Simulation/RuntimeTileEntityReloadVerification.cs","NSSLC.Tools.Simulation","EntityRuntime;LoadedWorldSession;RuntimeEntityHandle;WorldRuntimeId","10","simulation host/runtime owner","Cross-tick/queued lifetime risk; validate at each call site","No current production Arch ref; old handle/snapshot value usage only","World/session switch risk; token required at boundary","Runtime* owner and simulation host cleanup","Yes for external/cached/queued reference resolution after migration"
"src/NSSLC.Tools.Simulation/RuntimeWorldItemStore.cs","NSSLC.Tools.Simulation","EntityRuntime;LoadedWorldSession","6","simulation host/runtime owner","Cross-tick/queued lifetime risk; validate at each call site","No current production Arch ref; old handle/snapshot value usage only","World/session switch risk; token required at boundary","Runtime* owner and simulation host cleanup","Yes for external/cached/queued reference resolution after migration"
"src/NSSLC.Tools.Simulation/RuntimeWorldItemStore.NetworkSync.cs","NSSLC.Tools.Simulation","EntityComponentSnapshot;EntityRuntime;RuntimeEntityHandle","18","simulation host/runtime owner","Cross-tick/queued lifetime risk; validate at each call site","No current production Arch ref; old handle/snapshot value usage only","World/session switch risk; token required at boundary","Runtime* owner and simulation host cleanup","Yes for external/cached/queued reference resolution after migration"
"src/NSSLC.Tools.Simulation/RuntimeWorldLoadRollbackVerification.cs","NSSLC.Tools.Simulation","EntityRuntime;LoadedWorldSession;RuntimeEntityHandle;WorldRuntimeId","62","simulation host/runtime owner","Cross-tick/queued lifetime risk; validate at each call site","No current production Arch ref; old handle/snapshot value usage only","World/session switch risk; token required at boundary","Runtime* owner and simulation host cleanup","Yes for external/cached/queued reference resolution after migration"
"src/NSSLC.Tools.Simulation/TileEntityRemovalProbeInstaller.cs","NSSLC.Tools.Simulation","LoadedWorldSession","7","simulation host/runtime owner","Cross-tick/queued lifetime risk; validate at each call site","No current production Arch ref; old handle/snapshot value usage only","World/session switch risk; token required at boundary","Runtime* owner and simulation host cleanup","Yes for external/cached/queued reference resolution after migration"
"src/NSSLC.Tools.Simulation/WiredActuatorTrigger.cs","NSSLC.Tools.Simulation","LoadedWorldSession","3","simulation host/runtime owner","Cross-tick/queued lifetime risk; validate at each call site","No current production Arch ref; old handle/snapshot value usage only","World/session switch risk; token required at boundary","Runtime* owner and simulation host cleanup","Yes for external/cached/queued reference resolution after migration"
"src/NSSLC.Tools.WorldGeneration/WorldPersistenceRoundTrip.cs","NSSLC.Tools.WorldGeneration","LoadedWorldSession","1","world-generation tool","Unresolved from symbol scan","No current production Arch ref; old handle/snapshot value usage only","Review lifecycle owner","Domain relationship owner / exact path review","Yes for external/cached/queued reference resolution after migration"
"src/NSSLC.Tools.WorldGeneration/WorldRoundTripMetadataComparison.cs","NSSLC.Tools.WorldGeneration","LoadedWorldSession","1","world-generation tool","Unresolved from symbol scan","No current production Arch ref; old handle/snapshot value usage only","Review lifecycle owner","Domain relationship owner / exact path review","Yes for external/cached/queued reference resolution after migration"
"src/NSSLC/Component/Items/System/WorldDrops/WorldItemMotionSystem.cs","NSSLC","EntityRuntime","1","other production caller","Unresolved from symbol scan","No current production Arch ref; old handle/snapshot value usage only","Review lifecycle owner","Domain relationship owner / exact path review","Yes for external/cached/queued reference resolution after migration"
"src/NSSLC/Component/Items/System/WorldDrops/WorldItemReservationSystem.cs","NSSLC","EntityRuntime","1","other production caller","Unresolved from symbol scan","No current production Arch ref; old handle/snapshot value usage only","Review lifecycle owner","Domain relationship owner / exact path review","Yes for external/cached/queued reference resolution after migration"
"src/NSSLC/Component/LeashedEntity/System/LeashedEntityRegistrationSystem.cs","NSSLC","EntityRuntime;RuntimeEntityHandle","25","other production caller","Unresolved from symbol scan","No current production Arch ref; old handle/snapshot value usage only","Review lifecycle owner","Domain relationship owner / exact path review","Yes for external/cached/queued reference resolution after migration"
"src/NSSLC/Component/Npc/System/NpcTaskLifecycleSystem.cs","NSSLC","RuntimeEntityHandle","7","other production caller","Unresolved from symbol scan","No current production Arch ref; old handle/snapshot value usage only","Review lifecycle owner","Domain relationship owner / exact path review","Yes for external/cached/queued reference resolution after migration"
"src/NSSLC/Component/Npc/System/NpcTaskReference.cs","NSSLC","RuntimeEntityHandle","2","other production caller","Unresolved from symbol scan","No current production Arch ref; old handle/snapshot value usage only","Review lifecycle owner","Domain relationship owner / exact path review","Yes for external/cached/queued reference resolution after migration"
"src/NSSLC/Component/Projectile/System/ProjectileLifecycleSystem.cs","NSSLC","EntityRuntime;RuntimeEntityHandle;WorldStorageRoot","23","other production caller","Unresolved from symbol scan","No current production Arch ref; old handle/snapshot value usage only","Review lifecycle owner","Domain relationship owner / exact path review","Yes for external/cached/queued reference resolution after migration"
"src/NSSLC/Component/Projectile/System/ProjectileStaticNpcImmunitySystem.cs","NSSLC","EntityRuntime;RuntimeEntityHandle","5","other production caller","Unresolved from symbol scan","No current production Arch ref; old handle/snapshot value usage only","Review lifecycle owner","Domain relationship owner / exact path review","Yes for external/cached/queued reference resolution after migration"
"src/NSSLC/Component/Projectile/System/ProjectileTickContext.cs","NSSLC","RuntimeEntityHandle","2","other production caller","Unresolved from symbol scan","No current production Arch ref; old handle/snapshot value usage only","Review lifecycle owner","Domain relationship owner / exact path review","Yes for external/cached/queued reference resolution after migration"
"src/NSSLC/Component/Projectile/System/ProjectileTickCoordinator.cs","NSSLC","EntityRuntime;RuntimeEntityHandle","12","other production caller","Unresolved from symbol scan","No current production Arch ref; old handle/snapshot value usage only","Review lifecycle owner","Domain relationship owner / exact path review","Yes for external/cached/queued reference resolution after migration"
"src/NSSLC/Component/Relationships/System/RuntimeEntityHandle.cs","NSSLC","RuntimeEntityHandle","2","relationship contract/handle","Cross-tick/queued lifetime risk; validate at each call site","No current production Arch ref; old handle/snapshot value usage only","Review lifecycle owner","Domain relationship owner / exact path review","Yes for external/cached/queued reference resolution after migration"
"src/NSSLC/Component/Share/Entity/System/ComponentAccess.cs","NSSLC","EntityComponentSnapshot;RuntimeEntityHandle","4","ECS runtime/registry","Cross-tick/queued lifetime risk; validate at each call site","No current production Arch ref; old handle/snapshot value usage only","Review lifecycle owner","EntityRuntime currently unregisters UUID and clears stores","Yes for external/cached/queued reference resolution after migration"
"src/NSSLC/Component/Share/Entity/System/ComponentStore.cs","NSSLC","EntityComponentSnapshot;RuntimeEntityHandle","13","ECS runtime/registry","Cross-tick/queued lifetime risk; validate at each call site","No current production Arch ref; old handle/snapshot value usage only","Review lifecycle owner","EntityRuntime currently unregisters UUID and clears stores","Yes for external/cached/queued reference resolution after migration"
"src/NSSLC/Component/Share/Entity/System/EntityIdentityRegistry.cs","NSSLC","EntityIdentityRegistry;RuntimeEntityHandle","7","ECS runtime/registry","Cross-tick/queued lifetime risk; validate at each call site","No current production Arch ref; old handle/snapshot value usage only","Review lifecycle owner","EntityRuntime currently unregisters UUID and clears stores","Yes for external/cached/queued reference resolution after migration"
"src/NSSLC/Component/Share/Entity/System/EntityRuntime.cs","NSSLC","EntityComponentSnapshot;EntityIdentityRegistry;EntityRuntime;RuntimeEntityHandle","42","ECS runtime/registry","Cross-tick/queued lifetime risk; validate at each call site","No current production Arch ref; old handle/snapshot value usage only","Review lifecycle owner","EntityRuntime currently unregisters UUID and clears stores","Yes for external/cached/queued reference resolution after migration"
"src/NSSLC/Component/WorldStorage/System/TileEntityRecord.cs","NSSLC","RuntimeEntityHandle","2","world slots/storage","Cross-tick/queued lifetime risk; validate at each call site","No current production Arch ref; old handle/snapshot value usage only","World/session switch risk; token required at boundary","WorldStorageRoot and child store owner","Yes for external/cached/queued reference resolution after migration"
"src/NSSLC/Component/WorldStorage/System/TileEntityStore.cs","NSSLC","EntityRuntime;RuntimeEntityHandle","13","world slots/storage","Cross-tick/queued lifetime risk; validate at each call site","No current production Arch ref; old handle/snapshot value usage only","World/session switch risk; token required at boundary","WorldStorageRoot and child store owner","Yes for external/cached/queued reference resolution after migration"
"src/NSSLC/Component/WorldStorage/System/WorldStorageRoot.cs","NSSLC","EntityRuntime;WorldStorageRoot","8","world slots/storage","Cross-tick/queued lifetime risk; validate at each call site","No current production Arch ref; old handle/snapshot value usage only","World/session switch risk; token required at boundary","WorldStorageRoot and child store owner","Yes for external/cached/queued reference resolution after migration"
"src/NSSLC/Component/WorldStorage/TileEntityBindingComponent.cs","NSSLC","EntityRuntime","1","world slots/storage","Cross-tick/queued lifetime risk; validate at each call site","No current production Arch ref; old handle/snapshot value usage only","World/session switch risk; token required at boundary","WorldStorageRoot and child store owner","Yes for external/cached/queued reference resolution after migration"
