"path","class","exists","referencedBy"
"Build/(bin|obj|generated","planned-reference","False","docs/archive/progress-2026-08-22-full.md"
"Build/bin","generated-output","True","docs/archive/progress-2026-08-22-full.md"
"Build/bin/<project>/<configuration>/","planned-reference","False","docs/archive/progress-2026-08-22-full.md"
"Build/bin/Terraria.Dome.Server/Release/net10.0/","generated-output","True","docs/plans/2026-08-18-projectile-ecs-migration-evidence.md"
"Build/bin/Terraria.Dome.Server/Release/net10.0/Terraria.Dome.Server.exe","generated-output","True","docs/protocol/v1456-compatibility-matrix.md"
"Build/bin/Terraria.Dome.Simulation","generated-output","True","docs/archive/progress-2026-08-22-full.md"
"Build/bin/Terraria.Dome.Simulation/Release/net10.0/","generated-output","True","docs/plans/2026-08-18-projectile-ecs-migration-evidence.md"
"Build/diagnostics","verification-evidence","True","docs/archive/progress-2026-08-22-full.md"
"Build/diagnostics/","verification-evidence","True","docs/flowstate/README.md"
"Build/diagnostics/.../behavior-index.md","planned-reference","False","docs/plans/2026-08-18-projectile-ecs-migration-implementation.md"
"Build/diagnostics/*","planned-reference","False","docs/plans/2026-08-18-wiring-liquid-chest-ecs-migration-execution-proposal.md"
"Build/diagnostics/2026-08-19-liquid-contact-destruction-evidence.md","verification-evidence","True","docs/plans/2026-08-19-liquid-contact-destruction-implementation.md"
"Build/diagnostics/2026-08-19-liquid-runtime-panic-evidence.md","verification-evidence","True","docs/plans/2026-08-19-liquid-runtime-panic-implementation.md"
"Build/diagnostics/2026-08-19-stage6-world-import-facade-audit.md","verification-evidence","True","docs/plans/2026-08-18-wiring-liquid-chest-ecs-migration-execution-proposal.md"
"Build/diagnostics/2026-08-19-wiring-liquid-chest-completion-audit.md","verification-evidence","True","docs/plans/2026-08-18-wiring-liquid-chest-ecs-migration-execution-proposal.md"
"Build/diagnostics/2026-08-19-wiring-liquid-chest-legacy-reference-compile-audit.md","verification-evidence","True","docs/plans/2026-08-18-wiring-liquid-chest-ecs-migration-execution-proposal.md"
"Build/diagnostics/2026-08-19-wiring-liquid-chest-member-index-audit.md","verification-evidence","True","docs/plans/2026-08-18-wiring-liquid-chest-ecs-migration-execution-proposal.md"
"Build/diagnostics/docs-flowstate-normalization/20260822-225500/evidence.json","verification-evidence","True","docs/flowstate/dod-checklist.md"
"Build/diagnostics/docs-flowstate-normalization/20260823-100000/evidence.json","historical-reference","True","docs/cr/CR-2026-08-23-build-evidence-refresh-review.md"
"Build/diagnostics/dome-full-client-20260816-145622","verification-evidence","True","docs/server-completion/2026-08-16-dome-full-client-packet-trace.md"
"Build/diagnostics/dome-full-client-20260816-145622/client/join-stable.json","verification-evidence","True","docs/server-completion/2026-08-16-dome-full-client-packet-trace.md"
"Build/diagnostics/dome-full-client-20260816-145622/summary.json","verification-evidence","True","docs/server-completion/2026-08-16-dome-full-client-packet-trace.md"
"Build/diagnostics/dome-full-client-20260816-145622/summary.md","verification-evidence","True","docs/server-completion/2026-08-16-dome-full-client-packet-trace.md"
"Build/diagnostics/dome-full-client-20260816-145622/trace.jsonl","verification-evidence","True","docs/server-completion/2026-08-16-dome-full-client-packet-trace.md"
"Build/diagnostics/dome-parity-*","planned-reference","False","docs/plans/2026-08-16-dome-full-server-packet-parity-implementation.md"
"Build/diagnostics/dome-parity-<timestamp>/summary.json","planned-reference","False","docs/plans/2026-08-16-dome-full-server-packet-parity-implementation.md"
"Build/diagnostics/dome-parity-<timestamp>/summary.md","planned-reference","False","docs/plans/2026-08-16-dome-full-server-packet-parity-implementation.md"
"Build/diagnostics/dome-parity-<timestamp>/trace.jsonl","planned-reference","False","docs/plans/2026-08-16-dome-full-server-packet-parity-implementation.md"
"Build/diagnostics/full_session_trace.py","verification-evidence","True","docs/plans/2026-08-16-dome-full-server-packet-parity-implementation.md"
"Build/diagnostics/full-client-fixture-door-<timestamp>/","planned-reference","False","docs/plans/2026-08-17-real-client-object-fixture-host-implementation.md"
"Build/diagnostics/full-client-fixture-sign-<timestamp>/","planned-reference","False","docs/plans/2026-08-17-real-client-object-fixture-host-implementation.md"
"Build/diagnostics/full-client-server-<timestamp>/serverconfig.txt","planned-reference","False","docs/plans/2026-08-16-full-client-server-packet-trace-implementation.md"
"Build/diagnostics/full-client-server-<timestamp>/summary.json","planned-reference","False","docs/plans/2026-08-16-full-client-server-packet-trace-implementation.md"
"Build/diagnostics/full-client-server-<timestamp>/summary.md","planned-reference","False","docs/plans/2026-08-16-full-client-server-packet-trace-implementation.md"
"Build/diagnostics/full-client-server-<timestamp>/trace.jsonl","planned-reference","False","docs/plans/2026-08-16-full-client-server-packet-trace-implementation.md"
"Build/diagnostics/full-client-server-20260816/summary.json","verification-evidence","True","docs/server-completion/2026-08-16-full-client-server-packet-statistics.md"
"Build/diagnostics/full-client-server-20260816/summary.md","verification-evidence","True","docs/server-completion/2026-08-16-full-client-server-packet-statistics.md"
"Build/diagnostics/full-client-server-20260816/trace.jsonl","verification-evidence","True","docs/archive/progress-2026-08-22-full.md"
"Build/diagnostics/kill-projectile-v1-server.log","verification-evidence","True","docs/archive/progress-2026-08-22-full.md"
"Build/diagnostics/main-migration/<card>/<run-id>/","planned-reference","False","docs/plans/2026-08-22-blocked-ecs-migration-unblock-execution-proposal.md"
"Build/diagnostics/main-migration/<run-id>/","planned-reference","False","docs/plans/2026-08-18-main-server-ecs-migration-implementation.md"
"Build/diagnostics/main-migration/task-<n>-<behavior>/<run-id>/scenario.yaml","planned-reference","False","docs/plans/2026-08-20-remaining-ecs-migration-execution.md"
"Build/diagnostics/main-migration/task-<n>-<behavior>/<runId>/","planned-reference","False","docs/plans/2026-08-20-task-0-ecs-migration-execution.md"
"Build/diagnostics/main-migration/task-<n>-<behavior>/<runId>/focused-red.txt","planned-reference","False","docs/plans/2026-08-20-task-0-ecs-migration-execution.md"
"Build/diagnostics/main-migration/task-<n>-<behavior>/<runId>/scenario.yaml","planned-reference","False","docs/plans/2026-08-20-task-0-ecs-migration-execution.md"
"Build/diagnostics/main-migration/task-<n>-<behavior>/<runId>/source-manifest.txt","planned-reference","False","docs/plans/2026-08-20-task-0-ecs-migration-execution.md"
"Build/diagnostics/main-migration/task-<n>-<behavior>/<yyyyMMdd-HHmmss>/","planned-reference","False","docs/plans/2026-08-20-task-0-ecs-migration-execution.md"
"Build/diagnostics/main-migration/task-0/","verification-evidence","True","docs/archive/progress-2026-08-22-full.md"
"Build/diagnostics/main-migration/task-0/reference-inventory.json","verification-evidence","True","docs/archive/progress-2026-08-22-full.md"
"Build/diagnostics/main-migration/task-0/reference-summary.json","verification-evidence","True","docs/migrations/main-server-responsibility-ledger.md"
"Build/diagnostics/main-migration/task-1/","verification-evidence","True","docs/archive/progress-2026-08-22-full.md"
"Build/diagnostics/main-migration/task-10-<slug>/<run-id>/scenario.yaml","planned-reference","False","docs/plans/2026-08-23-blocked-responsibilities-execution.md"
"Build/diagnostics/main-migration/task-10-acceptance-review/20260823-150000/status.txt","verification-evidence","True","docs/archive/progress-2026-08-22-full.md"
"Build/diagnostics/main-migration/task-10-armor-set-qualification/20260823-130000/","verification-evidence","True","docs/archive/progress-2026-08-22-full.md"
"Build/diagnostics/main-migration/task-10-blocked-unblock-review/20260822-161500/status.txt","verification-evidence","True","docs/archive/progress-2026-08-22-full.md"
"Build/diagnostics/main-migration/task-10-build-ownership-boundary/20260823-160000/","verification-evidence","True","docs/archive/progress-2026-08-22-full.md"
"Build/diagnostics/main-migration/task-10-build-ownership-boundary/20260823-160000/affected-verifiers.txt","verification-evidence","True","docs/archive/progress-2026-08-22-full.md"
"Build/diagnostics/main-migration/task-10-content-samples-repair-qualification/20260823-134500/","verification-evidence","True","docs/archive/progress-2026-08-22-full.md"
"Build/diagnostics/main-migration/task-10-coverage-gate/20260824-042000/","verification-evidence","True","docs/archive/progress-2026-08-22-full.md"
"Build/diagnostics/main-migration/task-10-coverage-matrix-reconciliation/20260824-041000/","verification-evidence","True","docs/archive/progress-2026-08-22-full.md"
"Build/diagnostics/main-migration/task-10-delayed-process-caller-inventory/20260824-003000/","verification-evidence","True","docs/archive/progress-2026-08-22-full.md"
"Build/diagnostics/main-migration/task-10-entity-store-handle-boundary/20260824-076000/","verification-evidence","True","docs/archive/progress-2026-08-22-full.md"
"Build/diagnostics/main-migration/task-10-event-lifecycle-refresh/20260822-154000/","verification-evidence","True","docs/archive/progress-2026-08-22-full.md"
"Build/diagnostics/main-migration/task-10-fish-drop-qualification/20260822-171000/","verification-evidence","True","docs/archive/progress-2026-08-22-full.md"
"Build/diagnostics/main-migration/task-10-initializer-family-qualification/<run-id>/scenario.yaml","planned-reference","False","docs/plans/2026-08-22-remaining-ecs-open-responsibilities-execution.md"
"Build/diagnostics/main-migration/task-10-invasion-progress-clamp/20260824-027000/","verification-evidence","True","docs/archive/progress-2026-08-22-full.md"
"Build/diagnostics/main-migration/task-10-invasion-travel-rate-integration/20260822-142500/","verification-evidence","True","docs/archive/progress-2026-08-22-full.md"
"Build/diagnostics/main-migration/task-10-item-drop-position-boundary/20260824-038000/","verification-evidence","True","docs/archive/progress-2026-08-22-full.md"
"Build/diagnostics/main-migration/task-10-item-lifecycle-refresh/20260822-145000/","verification-evidence","True","docs/archive/progress-2026-08-22-full.md"
"Build/diagnostics/main-migration/task-10-item-new-item-qualification/20260823-200000/","verification-evidence","True","docs/archive/progress-2026-08-22-full.md"
"Build/diagnostics/main-migration/task-10-item-use-timer-clamp/20260824-036000/","verification-evidence","True","docs/archive/progress-2026-08-22-full.md"
"Build/diagnostics/main-migration/task-10-leashed-definition-qualification/20260822-165000/","verification-evidence","True","docs/archive/progress-2026-08-22-full.md"
"Build/diagnostics/main-migration/task-10-main-thread-action-caller-inventory/20260824-004000/","verification-evidence","True","docs/archive/progress-2026-08-22-full.md"
"Build/diagnostics/main-migration/task-10-meteor-rng-oracle-audit/20260822-155000/","verification-evidence","True","docs/archive/progress-2026-08-22-full.md"
"Build/diagnostics/main-migration/task-10-meteor-rng-oracle-audit/20260823-220000/","verification-evidence","True","docs/archive/progress-2026-08-22-full.md"
"Build/diagnostics/main-migration/task-10-npc-behavior-input-boundary/20260824-056000/","verification-evidence","True","docs/archive/progress-2026-08-22-full.md"
"Build/diagnostics/main-migration/task-10-npc-contact-input-boundary/20260824-058000/","verification-evidence","True","docs/archive/progress-2026-08-22-full.md"
"Build/diagnostics/main-migration/task-10-npc-death-input-boundary/20260824-037000/","verification-evidence","True","docs/archive/progress-2026-08-22-full.md"
"Build/diagnostics/main-migration/task-10-npc-death-loot-qualification/20260823-210000/","verification-evidence","True","docs/archive/progress-2026-08-22-full.md"
"Build/diagnostics/main-migration/task-10-npc-death-loot-restart/20260823-230000/","verification-evidence","True","docs/archive/progress-2026-08-22-full.md"
"Build/diagnostics/main-migration/task-10-npc-death-tick-order/20260824-001000/","verification-evidence","True","docs/archive/progress-2026-08-22-full.md"
"Build/diagnostics/main-migration/task-10-npc-interactions-qualification/20260822-170000/","verification-evidence","True","docs/archive/progress-2026-08-22-full.md"
"Build/diagnostics/main-migration/task-10-npc-lifecycle-refresh/20260822-143000/","verification-evidence","True","docs/archive/progress-2026-08-22-full.md"
"Build/diagnostics/main-migration/task-10-npc-movement-identity-boundary/20260824-060000/","verification-evidence","True","docs/archive/progress-2026-08-22-full.md"
"Build/diagnostics/main-migration/task-10-npc-player-readiness/20260824-016000/","verification-evidence","True","docs/archive/progress-2026-08-22-full.md"
"Build/diagnostics/main-migration/task-10-npc-spawn-position-boundary/20260824-062000/","verification-evidence","True","docs/archive/progress-2026-08-22-full.md"
"Build/diagnostics/main-migration/task-10-npc-talk-authority/20260824-021000/","verification-evidence","True","docs/archive/progress-2026-08-22-full.md"
"Build/diagnostics/main-migration/task-10-npc-target-input-boundary/20260824-044000/","verification-evidence","True","docs/archive/progress-2026-08-22-full.md"
"Build/diagnostics/main-migration/task-10-npc-target-routing-boundary/20260824-050000/","verification-evidence","True","docs/archive/progress-2026-08-22-full.md"
"Build/diagnostics/main-migration/task-10-npc-timeleft-boundary/20260824-032000/","verification-evidence","True","docs/archive/progress-2026-08-22-full.md"
"Build/diagnostics/main-migration/task-10-npc-valid-target-ghost/20260824-020000/","verification-evidence","True","docs/archive/progress-2026-08-22-full.md"
"Build/diagnostics/main-migration/task-10-npc-worm-segment-lifecycle/20260823-170000/","verification-evidence","True","docs/archive/progress-2026-08-22-full.md"
"Build/diagnostics/main-migration/task-10-npc-worm-trigger-boundary/20260824-031000/","verification-evidence","True","docs/archive/progress-2026-08-22-full.md"
"Build/diagnostics/main-migration/task-10-open-blocker-reaudit/20260822-160000/","verification-evidence","True","docs/archive/progress-2026-08-22-full.md"
"Build/diagnostics/main-migration/task-10-open-responsibilities-review/<run-id>/status.txt","planned-reference","False","docs/plans/2026-08-22-remaining-ecs-open-responsibilities-execution.md"
"Build/diagnostics/main-migration/task-10-open-responsibilities-review/20260822-160000/","verification-evidence","True","docs/archive/progress-2026-08-22-full.md"
"Build/diagnostics/main-migration/task-10-open-responsibilities-review/20260824-024000/","verification-evidence","True","docs/archive/progress-2026-08-22-full.md"
"Build/diagnostics/main-migration/task-10-open-responsibilities-review/20260824-028000/status.txt","verification-evidence","True","docs/archive/progress-2026-08-22-full.md"
"Build/diagnostics/main-migration/task-10-player-kill-respawn-lifecycle/20260823-190000/","verification-evidence","True","docs/archive/progress-2026-08-22-full.md"
"Build/diagnostics/main-migration/task-10-player-lifecycle-identity-boundary/20260824-070000/","verification-evidence","True","docs/archive/progress-2026-08-22-full.md"
"Build/diagnostics/main-migration/task-10-player-respawn-tick-clamp/20260824-033000/","verification-evidence","True","docs/archive/progress-2026-08-22-full.md"
"Build/diagnostics/main-migration/task-10-player-respawn-timer/20260824-030000/","verification-evidence","True","docs/archive/progress-2026-08-22-full.md"
"Build/diagnostics/main-migration/task-10-projectile-definition-registry-boundary/20260824-082000/","verification-evidence","True","docs/archive/progress-2026-08-22-full.md"
"Build/diagnostics/main-migration/task-10-projectile-friendly-target/20260824-022000/","verification-evidence","True","docs/archive/progress-2026-08-22-full.md"
"Build/diagnostics/main-migration/task-10-projectile-hostile-player/20260824-023000/","verification-evidence","True","docs/archive/progress-2026-08-22-full.md"
"Build/diagnostics/main-migration/task-10-projectile-identity-boundary/20260824-064000/","verification-evidence","True","docs/archive/progress-2026-08-22-full.md"
"Build/diagnostics/main-migration/task-10-projectile-lifecycle-refresh/20260822-144000/","verification-evidence","True","docs/archive/progress-2026-08-22-full.md"
"Build/diagnostics/main-migration/task-10-projectile-lifetime-domain/20260824-035000/","verification-evidence","True","docs/archive/progress-2026-08-22-full.md"
"Build/diagnostics/main-migration/task-10-projectile-motion-input-boundary/20260824-054000/","verification-evidence","True","docs/archive/progress-2026-08-22-full.md"
"Build/diagnostics/main-migration/task-10-projectile-penetration-domain/20260824-034000/","verification-evidence","True","docs/archive/progress-2026-08-22-full.md"
"Build/diagnostics/main-migration/task-10-projectile-penetration-lifecycle/20260823-180000/","verification-evidence","True","docs/archive/progress-2026-08-22-full.md"
"Build/diagnostics/main-migration/task-10-projectile-replication-identity-boundary/20260824-066000/","verification-evidence","True","docs/archive/progress-2026-08-22-full.md"
"Build/diagnostics/main-migration/task-10-projectile-replication-scalar-boundary/20260824-074000/","verification-evidence","True","docs/archive/progress-2026-08-22-full.md"
"Build/diagnostics/main-migration/task-10-projectile-spawn-input-boundary/20260824-072000/","verification-evidence","True","docs/archive/progress-2026-08-22-full.md"
"Build/diagnostics/main-migration/task-10-projectile-tile-stop/20260824-000000/","verification-evidence","True","docs/archive/progress-2026-08-22-full.md"
"Build/diagnostics/main-migration/task-10-shop-helper-qualification/20260823-131500/","verification-evidence","True","docs/archive/progress-2026-08-22-full.md"
"Build/diagnostics/main-migration/task-10-teleport-pylon-qualification/20260823-133000/","verification-evidence","True","docs/archive/progress-2026-08-22-full.md"
"Build/diagnostics/main-migration/task-10-tick-order-reconciliation/20260822-151500/","verification-evidence","True","docs/archive/progress-2026-08-22-full.md"
"Build/diagnostics/main-migration/task-10-tile-command-commit-refresh/20260822-150000/","verification-evidence","True","docs/archive/progress-2026-08-22-full.md"
"Build/diagnostics/main-migration/task-10-tile-entity-definition-child/20260822-164000/","verification-evidence","True","docs/archive/progress-2026-08-22-full.md"
"Build/diagnostics/main-migration/task-10-torch-definition-child/20260822-163000/","verification-evidence","True","docs/archive/progress-2026-08-22-full.md"
"Build/diagnostics/main-migration/task-10-world-item-stack-geometry/20260824-043000/","verification-evidence","True","docs/archive/progress-2026-08-22-full.md"
"Build/diagnostics/main-migration/task-10-world-item-stack-merge/20260824-002000/","verification-evidence","True","docs/archive/progress-2026-08-22-full.md"
"Build/diagnostics/main-migration/task-10-world-mechanics-refresh/20260822-153000/","verification-evidence","True","docs/archive/progress-2026-08-22-full.md"
"Build/diagnostics/main-migration/task-11-item-owner-reservation-persistence/20260824-018000/","verification-evidence","True","docs/archive/progress-2026-08-22-full.md"
"Build/diagnostics/main-migration/task-11-item-owner-reservation/20260824-017000/","verification-evidence","True","docs/archive/progress-2026-08-22-full.md"
"Build/diagnostics/main-migration/task-11-item-pickup-position-boundary/20260824-052000/","verification-evidence","True","docs/archive/progress-2026-08-22-full.md"
"Build/diagnostics/main-migration/task-11-item-shimmer-pickup/20260824-019000/","verification-evidence","True","docs/archive/progress-2026-08-22-full.md"
"Build/diagnostics/main-migration/task-11-world-item-store-owner-boundary/20260824-068000/","verification-evidence","True","docs/archive/progress-2026-08-22-full.md"
"Build/diagnostics/main-migration/task-11-world-item-store-position-boundary/20260824-080000/","verification-evidence","True","docs/archive/progress-2026-08-22-full.md"
"Build/diagnostics/main-migration/task-12-tick-order-acceptance/20260824-040000/","verification-evidence","True","docs/archive/progress-2026-08-22-full.md"
"Build/diagnostics/main-migration/task-12-tile-sequence-overflow-boundary/20260824-078000/","verification-evidence","True","docs/archive/progress-2026-08-22-full.md"
"Build/diagnostics/main-migration/task-13-entity-event-lifecycle-gap/<run-id>/scenario.yaml","planned-reference","False","docs/plans/2026-08-22-blocked-responsibilities-execution.md"
"Build/diagnostics/main-migration/task-13-initializer-family-inventory/<run-id>/scenario.yaml","planned-reference","False","docs/plans/2026-08-22-blocked-responsibilities-execution.md"
"Build/diagnostics/main-migration/task-13-initializer-family-inventory/20260822-090000/","verification-evidence","True","docs/archive/progress-2026-08-22-full.md"
"Build/diagnostics/main-migration/task-14-main-thread-action-contract/<run-id>/scenario.yaml","planned-reference","False","docs/plans/2026-08-22-blocked-responsibilities-execution.md"
"Build/diagnostics/main-migration/task-2/","verification-evidence","True","docs/archive/progress-2026-08-22-full.md"
"Build/diagnostics/main-migration/task-24-delayed-process-contract/<run-id>/scenario.yaml","planned-reference","False","docs/plans/2026-08-22-blocked-responsibilities-execution.md"
"Build/diagnostics/main-migration/task-3/","verification-evidence","True","docs/archive/progress-2026-08-22-full.md"
"Build/diagnostics/main-migration/task-4/","verification-evidence","True","docs/archive/progress-2026-08-22-full.md"
"Build/diagnostics/main-migration/task-5-player-facing-input/20260824-026000/","verification-evidence","True","docs/archive/progress-2026-08-22-full.md"
"Build/diagnostics/main-migration/task-5-player-input-envelope/20260824-025000/","verification-evidence","True","docs/archive/progress-2026-08-22-full.md"
"Build/diagnostics/main-migration/task-5-tick-order-reconciliation/20260824-013000/","verification-evidence","True","docs/archive/progress-2026-08-22-full.md"
"Build/diagnostics/main-migration/task-5/","verification-evidence","True","docs/archive/progress-2026-08-22-full.md"
"Build/diagnostics/main-migration/task-6/","verification-evidence","True","docs/archive/progress-2026-08-22-full.md"
"Build/diagnostics/main-migration/task-7-blood-moon/","verification-evidence","True","docs/archive/progress-2026-08-22-full.md"
"Build/diagnostics/main-migration/task-7-eclipse/","verification-evidence","True","docs/archive/progress-2026-08-22-full.md"
"Build/diagnostics/main-migration/task-7-invasion/<runId>/","planned-reference","False","docs/plans/2026-08-19-main-server-ecs-migration-execution.md"
"Build/diagnostics/main-migration/task-7-invasion/20260819-013459/","verification-evidence","True","docs/archive/progress-2026-08-22-full.md"
"Build/diagnostics/main-migration/task-7-king-slime-readiness/20260819-121052/","verification-evidence","True","docs/archive/progress-2026-08-22-full.md"
"Build/diagnostics/main-migration/task-7-lantern-cooldown/20260819-113103/","verification-evidence","True","docs/plans/2026-08-19-main-server-ecs-migration-execution.md"
"Build/diagnostics/main-migration/task-7-lantern-cooldown/20260819-113103/source-manifest.txt","verification-evidence","True","docs/archive/progress-2026-08-22-full.md"
"Build/diagnostics/main-migration/task-7-lantern-eligibility/20260819-114525/","verification-evidence","True","docs/plans/2026-08-19-main-server-ecs-migration-execution.md"
"Build/diagnostics/main-migration/task-7-lantern-eligibility/20260819-114525/source-manifest.txt","verification-evidence","True","docs/archive/progress-2026-08-22-full.md"
"Build/diagnostics/main-migration/task-7-lantern-manual-genuine/<runId>/manual-authority-*.txt","planned-reference","False","docs/plans/2026-08-19-lantern-night-manual-genuine-migration-execution.md"
"Build/diagnostics/main-migration/task-7-lantern-manual-genuine/<runId>/source-manifest.txt","planned-reference","False","docs/plans/2026-08-19-lantern-night-manual-genuine-migration-execution.md"
"Build/diagnostics/main-migration/task-7-lantern-manual-genuine/20260819-120052/","verification-evidence","True","docs/archive/progress-2026-08-22-full.md"
"Build/diagnostics/main-migration/task-7-lantern-night/20260819-032916/","verification-evidence","True","docs/archive/progress-2026-08-22-full.md"
"Build/diagnostics/main-migration/task-7-lantern-rain-suppression/20260819-040231/","verification-evidence","True","docs/archive/progress-2026-08-22-full.md"
"Build/diagnostics/main-migration/task-7-lantern-same-tick-ordering/20260819-044056/","verification-evidence","True","docs/archive/progress-2026-08-22-full.md"
"Build/diagnostics/main-migration/task-7-lantern-same-tick-ordering/20260819-044056/world-rules-red.txt","verification-evidence","True","docs/plans/2026-08-19-main-server-ecs-migration-execution.md"
"Build/diagnostics/main-migration/task-7-lantern-schedule/<timestamp>/source-manifest.txt","planned-reference","False","docs/plans/2026-08-19-main-server-ecs-migration-execution.md"
"Build/diagnostics/main-migration/task-7-lantern-schedule/20260819-050007/","verification-evidence","True","docs/plans/2026-08-19-main-server-ecs-migration-execution.md"
"Build/diagnostics/main-migration/task-7-lantern-schedule/20260819-050007/source-manifest.txt","verification-evidence","True","docs/archive/progress-2026-08-22-full.md"
"Build/diagnostics/main-migration/task-7-main-rand-ordering-oracle/<run-id>/scenario.yaml","planned-reference","False","docs/plans/2026-08-22-blocked-responsibilities-execution.md"
"Build/diagnostics/main-migration/task-7-meteor-resolution/20260819-035804/","verification-evidence","True","docs/archive/progress-2026-08-22-full.md"
"Build/diagnostics/main-migration/task-7-meteor-schedule/20260819-034057/","verification-evidence","True","docs/archive/progress-2026-08-22-full.md"
"Build/diagnostics/main-migration/task-7-meteor/20260819-025654/","verification-evidence","True","docs/archive/progress-2026-08-22-full.md"
"Build/diagnostics/main-migration/task-7-normal-event-eligibility/20260819-120353/","verification-evidence","True","docs/archive/progress-2026-08-22-full.md"
"Build/diagnostics/main-migration/task-7-npc-first-event-lantern-schedule/","verification-evidence","True","docs/plans/2026-08-19-main-server-ecs-migration-execution.md"
"Build/diagnostics/main-migration/task-7-npc-first-event-lantern-schedule/source-manifest.txt","verification-evidence","True","docs/archive/progress-2026-08-22-full.md"
"Build/diagnostics/main-migration/task-7-rain/","verification-evidence","True","docs/archive/progress-2026-08-22-full.md"
"Build/diagnostics/main-migration/task-7-rain/20260819-020437/","verification-evidence","True","docs/archive/progress-2026-08-22-full.md"
"Build/diagnostics/main-migration/task-7-slime-rain-cooldown/20260819-041221/","verification-evidence","True","docs/archive/progress-2026-08-22-full.md"
"Build/diagnostics/main-migration/task-7-slime-rain-warning/20260819-043037/","verification-evidence","True","docs/archive/progress-2026-08-22-full.md"
"Build/diagnostics/main-migration/task-7-slime-rain-warning/20260819-043037/world-rules-red.txt","verification-evidence","True","docs/plans/2026-08-19-main-server-ecs-migration-execution.md"
"Build/diagnostics/main-migration/task-7-slime-rain/20260819-021430/","verification-evidence","True","docs/archive/progress-2026-08-22-full.md"
"Build/diagnostics/main-migration/task-7-wind-rain-coupling/20260819-041750/","verification-evidence","True","docs/archive/progress-2026-08-22-full.md"
"Build/diagnostics/main-migration/task-7-wind/20260819-031500/","verification-evidence","True","docs/archive/progress-2026-08-22-full.md"
"Build/diagnostics/main-migration/task-8-active-above-actuator/20260819-171500/","verification-evidence","True","docs/archive/progress-2026-08-22-full.md"
"Build/diagnostics/main-migration/task-8-active-above-actuator/20260819-171500/source-manifest.txt","verification-evidence","True","docs/plans/2026-08-19-main-server-ecs-migration-execution.md"
"Build/diagnostics/main-migration/task-8-actuation-set-rule/20260819-170800/source-manifest.txt","verification-evidence","True","docs/archive/progress-2026-08-22-full.md"
"Build/diagnostics/main-migration/task-8-actuator-rule/","verification-evidence","True","docs/archive/progress-2026-08-22-full.md"
"Build/diagnostics/main-migration/task-8-actuator-state/20260819-153058/source-manifest.txt","verification-evidence","True","docs/archive/progress-2026-08-22-full.md"
"Build/diagnostics/main-migration/task-8-actuator-state/20260819-153058/wiring-red.txt","verification-evidence","True","docs/plans/2026-08-19-main-server-ecs-migration-execution.md"
"Build/diagnostics/main-migration/task-8-bottom-slope-contract/20260819-144152/physics-red.txt","verification-evidence","True","docs/plans/2026-08-19-main-server-ecs-migration-execution.md"
"Build/diagnostics/main-migration/task-8-bottom-slope-contract/20260819-144319/","verification-evidence","True","docs/archive/progress-2026-08-22-full.md"
"Build/diagnostics/main-migration/task-8-boulder-chest-rule/20260819-163910/","verification-evidence","True","docs/archive/progress-2026-08-22-full.md"
"Build/diagnostics/main-migration/task-8-boulder-protection-query/20260819-165500/","verification-evidence","True","docs/archive/progress-2026-08-22-full.md"
"Build/diagnostics/main-migration/task-8-boulder-protection-query/20260819-165500/source-manifest.txt","verification-evidence","True","docs/plans/2026-08-19-main-server-ecs-migration-execution.md"
"Build/diagnostics/main-migration/task-8-boulder-type-rule/20260819-165200/source-manifest.txt","verification-evidence","True","docs/archive/progress-2026-08-22-full.md"
"Build/diagnostics/main-migration/task-8-can-kill-query/20260819-171200/","verification-evidence","True","docs/archive/progress-2026-08-22-full.md"
"Build/diagnostics/main-migration/task-8-can-kill-query/20260819-171200/source-manifest.txt","verification-evidence","True","docs/plans/2026-08-19-main-server-ecs-migration-execution.md"
"Build/diagnostics/main-migration/task-8-can-kill-rule/20260819-155734/","verification-evidence","True","docs/archive/progress-2026-08-22-full.md"
"Build/diagnostics/main-migration/task-8-can-kill-rule/20260819-155734/source-manifest.txt","verification-evidence","True","docs/archive/progress-2026-08-22-full.md"
"Build/diagnostics/main-migration/task-8-chest-destruction/20260819-160641/source-manifest.txt","verification-evidence","True","docs/archive/progress-2026-08-22-full.md"
"Build/diagnostics/main-migration/task-8-chest-footprint/<runId>/","planned-reference","False","docs/plans/2026-08-19-task-8-chest-footprint-migration-execution.md"
"Build/diagnostics/main-migration/task-8-chest-footprint/20260819-162117/","verification-evidence","True","docs/archive/progress-2026-08-22-full.md"
"Build/diagnostics/main-migration/task-8-chest-protection-projection/20260819-162655/","verification-evidence","True","docs/archive/progress-2026-08-22-full.md"
"Build/diagnostics/main-migration/task-8-down-input/20260819-135600/","verification-evidence","True","docs/archive/progress-2026-08-22-full.md"
"Build/diagnostics/main-migration/task-8-down-input/20260819-135600/source-manifest.txt","verification-evidence","True","docs/archive/progress-2026-08-22-full.md"
"Build/diagnostics/main-migration/task-8-fall-through-contract/20260819-134513/","verification-evidence","True","docs/plans/2026-08-19-main-server-ecs-migration-execution.md"
"Build/diagnostics/main-migration/task-8-fall-through-contract/20260819-134513/source-manifest.txt","verification-evidence","True","docs/archive/progress-2026-08-22-full.md"
"Build/diagnostics/main-migration/task-8-half-brick/<runId>/","planned-reference","False","docs/plans/2026-08-19-half-brick-collision-implementation.md"
"Build/diagnostics/main-migration/task-8-half-brick/20260819-142432/","verification-evidence","True","docs/archive/progress-2026-08-22-full.md"
"Build/diagnostics/main-migration/task-8-half-brick/20260819-142432/source-manifest.txt","verification-evidence","True","docs/plans/2026-08-19-main-server-ecs-migration-execution.md"
"Build/diagnostics/main-migration/task-8-locked-door-rule/20260819-163225/","verification-evidence","True","docs/archive/progress-2026-08-22-full.md"
"Build/diagnostics/main-migration/task-8-multitile-query/20260819-171000/source-manifest.txt","verification-evidence","True","docs/archive/progress-2026-08-22-full.md"
"Build/diagnostics/main-migration/task-8-multitile-rule/20260819-170600/source-manifest.txt","verification-evidence","True","docs/archive/progress-2026-08-22-full.md"
"Build/diagnostics/main-migration/task-8-platform-top/20260819-133545/","verification-evidence","True","docs/plans/2026-08-19-main-server-ecs-migration-execution.md"
"Build/diagnostics/main-migration/task-8-platform-top/20260819-133545/source-manifest.txt","verification-evidence","True","docs/archive/progress-2026-08-22-full.md"
"Build/diagnostics/main-migration/task-8-player-top-slope/<runId>/","planned-reference","False","docs/plans/2026-08-19-player-top-slope-collision-implementation.md"
"Build/diagnostics/main-migration/task-8-player-top-slope/20260819-143146/physics-red.txt","verification-evidence","True","docs/plans/2026-08-19-main-server-ecs-migration-execution.md"
"Build/diagnostics/main-migration/task-8-player-top-slope/20260819-143832/","verification-evidence","True","docs/archive/progress-2026-08-22-full.md"
"Build/diagnostics/main-migration/task-8-player-top-slope/20260819-143832/source-manifest.txt","verification-evidence","True","docs/archive/progress-2026-08-22-full.md"
"Build/diagnostics/main-migration/task-8-special-actuator/20260820-040847/","verification-evidence","True","docs/archive/progress-2026-08-22-full.md"
"Build/diagnostics/main-migration/task-8-special-rule/20260819-170400/source-manifest.txt","verification-evidence","True","docs/archive/progress-2026-08-22-full.md"
"Build/diagnostics/main-migration/task-8-static-solid-definition/20260820-042319/","verification-evidence","True","docs/archive/progress-2026-08-22-full.md"
"Build/diagnostics/main-migration/task-8-tile-activation-contract/20260819-144857/","verification-evidence","True","docs/archive/progress-2026-08-22-full.md"
"Build/diagnostics/main-migration/task-8-tile-activation-contract/20260819-144857/physics-red.txt","verification-evidence","True","docs/plans/2026-08-19-main-server-ecs-migration-execution.md"
"Build/diagnostics/main-migration/task-8-tile-breakability-rule/20260819-164549/","verification-evidence","True","docs/archive/progress-2026-08-22-full.md"
"Build/diagnostics/main-migration/task-8-tile-solidity/20260819-132253/","verification-evidence","True","docs/archive/progress-2026-08-22-full.md"
"Build/diagnostics/main-migration/task-8-tile-solidity/20260819-132253/source-manifest.txt","verification-evidence","True","docs/archive/progress-2026-08-22-full.md"
"Build/diagnostics/main-migration/task-8-tree-frame-rule/20260819-170200/source-manifest.txt","verification-evidence","True","docs/archive/progress-2026-08-22-full.md"
"Build/diagnostics/main-migration/task-8-tree-trunk-rule/20260819-170000/source-manifest.txt","verification-evidence","True","docs/archive/progress-2026-08-22-full.md"
"Build/diagnostics/main-migration/task-8-type2-actuator/20260820-041700/","verification-evidence","True","docs/archive/progress-2026-08-22-full.md"
"Build/diagnostics/main-migration/task-8-type226-actuator/","verification-evidence","True","docs/archive/progress-2026-08-22-full.md"
"Build/diagnostics/main-migration/task-8-type226-actuator/20260820-035704/","verification-evidence","True","docs/plans/2026-08-19-main-server-ecs-migration-execution.md"
"Build/diagnostics/main-migration/task-8-world-surface-metadata/<runId>/","planned-reference","False","docs/plans/2026-08-20-world-surface-metadata-execution.md"
"Build/diagnostics/main-migration/task-8-world-surface-metadata/<runId>/world-import-red.txt","planned-reference","False","docs/plans/2026-08-20-world-surface-metadata-execution.md"
"Build/diagnostics/main-migration/task-8-world-surface-metadata/20260820-033834/","verification-evidence","True","docs/archive/progress-2026-08-22-full.md"
"Build/diagnostics/main-migration/task-9-acceptance-review/<run-id>/status.txt","planned-reference","False","docs/plans/2026-08-22-open-ecs-responsibilities-execution-proposal.md"
"Build/diagnostics/main-migration/task-9-acceptance-review/20260822-114342/","verification-evidence","True","docs/archive/progress-2026-08-22-full.md"
"Build/diagnostics/main-migration/task-9-acceptance-review/20260822-150000/status.txt","verification-evidence","True","docs/archive/progress-2026-08-22-full.md"
"Build/diagnostics/main-migration/task-9-acceptance-review/20260822-200000/","verification-evidence","True","docs/archive/progress-2026-08-22-full.md"
"Build/diagnostics/main-migration/task-9-acceptance-review/20260822-220000/","verification-evidence","True","docs/archive/progress-2026-08-22-full.md"
"Build/diagnostics/main-migration/task-9-acceptance-review/20260822-230000/","verification-evidence","True","docs/archive/progress-2026-08-22-full.md"
"Build/diagnostics/main-migration/task-9-acceptance-review/20260823-000000/status.txt","verification-evidence","True","docs/archive/progress-2026-08-22-full.md"
"Build/diagnostics/main-migration/task-9-acceptance-review/20260823-030000/","verification-evidence","True","docs/archive/progress-2026-08-22-full.md"
"Build/diagnostics/main-migration/task-9-acceptance-review/20260823-050000/status.txt","verification-evidence","True","docs/archive/progress-2026-08-22-full.md"
"Build/diagnostics/main-migration/task-9-acceptance-review/20260823-060000/simulation-build-focused.txt","verification-evidence","True","docs/archive/progress-2026-08-22-full.md"
"Build/diagnostics/main-migration/task-9-acceptance-review/20260823-070000/remaining-work-queue.txt","verification-evidence","True","docs/archive/progress-2026-08-22-full.md"
"Build/diagnostics/main-migration/task-9-acceptance-review/20260823-140000/","verification-evidence","True","docs/archive/progress-2026-08-22-full.md"
"Build/diagnostics/main-migration/task-9-blocked-unblock-review/<run-id>/status.txt","planned-reference","False","docs/plans/2026-08-22-blocked-ecs-migration-unblock-execution-proposal.md"
"Build/diagnostics/main-migration/task-9-build-ownership-boundary/<run-id>/scenario.yaml","planned-reference","False","docs/plans/2026-08-22-blocked-ecs-migration-unblock-execution-proposal.md"
"Build/diagnostics/main-migration/task-9-build-ownership-boundary/20260822-150000/","verification-evidence","True","docs/archive/progress-2026-08-22-full.md"
"Build/diagnostics/main-migration/task-9-combat-damage-rules/20260822-011000/","verification-evidence","True","docs/archive/progress-2026-08-22-full.md"
"Build/diagnostics/main-migration/task-9-combat-protocol-boundary/20260822-200000/combat-protocol-focused.txt","verification-evidence","True","docs/archive/progress-2026-08-22-full.md"
"Build/diagnostics/main-migration/task-9-damage-calculation/20260819-122505/","verification-evidence","True","docs/plans/2026-08-19-main-server-ecs-migration-execution.md"
"Build/diagnostics/main-migration/task-9-damage-calculation/20260819-122505/source-manifest.txt","verification-evidence","True","docs/archive/progress-2026-08-22-full.md"
"Build/diagnostics/main-migration/task-9-damage-var/20260819-123700/","verification-evidence","True","docs/plans/2026-08-19-main-server-ecs-migration-execution.md"
"Build/diagnostics/main-migration/task-9-damage-var/20260819-123700/source-manifest.txt","verification-evidence","True","docs/archive/progress-2026-08-22-full.md"
"Build/diagnostics/main-migration/task-9-delayed-process-boundary/20260822-005500/","verification-evidence","True","docs/archive/progress-2026-08-22-full.md"
"Build/diagnostics/main-migration/task-9-delayed-process-semantics-boundary/<run-id>/contract-matrix.yaml","planned-reference","False","docs/plans/2026-08-22-open-ecs-responsibilities-execution-proposal.md"
"Build/diagnostics/main-migration/task-9-delayed-process-semantics-boundary/20260822-090000/","verification-evidence","True","docs/archive/progress-2026-08-22-full.md"
"Build/diagnostics/main-migration/task-9-delayed-process-semantics-boundary/20260823-133000/","verification-evidence","True","docs/archive/progress-2026-08-22-full.md"
"Build/diagnostics/main-migration/task-9-entity-ownership-initialization-boundary/20260822-010500/","verification-evidence","True","docs/archive/progress-2026-08-22-full.md"
"Build/diagnostics/main-migration/task-9-entity-ownership-initialization-boundary/20260822-180000/","verification-evidence","True","docs/archive/progress-2026-08-22-full.md"
"Build/diagnostics/main-migration/task-9-focused-smoke/20260821-000031/","verification-evidence","True","docs/archive/progress-2026-08-22-full.md"
"Build/diagnostics/main-migration/task-9-invasion-clear-event/20260821-223756/","verification-evidence","True","docs/archive/progress-2026-08-22-full.md"
"Build/diagnostics/main-migration/task-9-invasion-clear-flags-state/20260822-000208/","verification-evidence","True","docs/archive/progress-2026-08-22-full.md"
"Build/diagnostics/main-migration/task-9-invasion-clear-flags/20260821-223620/","verification-evidence","True","docs/archive/progress-2026-08-22-full.md"
"Build/diagnostics/main-migration/task-9-invasion-completion-event/20260821-035937/","verification-evidence","True","docs/archive/progress-2026-08-22-full.md"
"Build/diagnostics/main-migration/task-9-invasion-completion-event/20260821-220216/","verification-evidence","True","docs/archive/progress-2026-08-22-full.md"
"Build/diagnostics/main-migration/task-9-invasion-delay-policy/20260821-232034/","verification-evidence","True","docs/archive/progress-2026-08-22-full.md"
"Build/diagnostics/main-migration/task-9-invasion-delay-spawn-integration/20260821-233247/","verification-evidence","True","docs/archive/progress-2026-08-22-full.md"
"Build/diagnostics/main-migration/task-9-invasion-delay-state/20260821-232729/","verification-evidence","True","docs/archive/progress-2026-08-22-full.md"
"Build/diagnostics/main-migration/task-9-invasion-derived-start/20260821-222937/","verification-evidence","True","docs/archive/progress-2026-08-22-full.md"
"Build/diagnostics/main-migration/task-9-invasion-lifecycle-decision/20260820-000013/","verification-evidence","True","docs/archive/progress-2026-08-22-full.md"
"Build/diagnostics/main-migration/task-9-invasion-position-guard/20260821-230021/","verification-evidence","True","docs/archive/progress-2026-08-22-full.md"
"Build/diagnostics/main-migration/task-9-invasion-progress-projection/20260821-233919/","verification-evidence","True","docs/archive/progress-2026-08-22-full.md"
"Build/diagnostics/main-migration/task-9-invasion-size-policy/20260821-222745/","verification-evidence","True","docs/archive/progress-2026-08-22-full.md"
"Build/diagnostics/main-migration/task-9-invasion-size-start/20260821-225419/","verification-evidence","True","docs/archive/progress-2026-08-22-full.md"
"Build/diagnostics/main-migration/task-9-invasion-spawn-guard/20260821-230021/","verification-evidence","True","docs/archive/progress-2026-08-22-full.md"
"Build/diagnostics/main-migration/task-9-invasion-start-eligibility/20260821-222028/","verification-evidence","True","docs/archive/progress-2026-08-22-full.md"
"Build/diagnostics/main-migration/task-9-invasion-start-eligibility/20260821-222253/","verification-evidence","True","docs/archive/progress-2026-08-22-full.md"
"Build/diagnostics/main-migration/task-9-invasion-start-eligibility/20260821-222458/","verification-evidence","True","docs/archive/progress-2026-08-22-full.md"
"Build/diagnostics/main-migration/task-9-invasion-start-position/20260821-224117/","verification-evidence","True","docs/archive/progress-2026-08-22-full.md"
"Build/diagnostics/main-migration/task-9-invasion-town-fallback-guard/20260821-231611/","verification-evidence","True","docs/archive/progress-2026-08-22-full.md"
"Build/diagnostics/main-migration/task-9-invasion-travel-integration-boundary/20260822-012000/","verification-evidence","True","docs/archive/progress-2026-08-22-full.md"
"Build/diagnostics/main-migration/task-9-invasion-travel-integration-boundary/20260822-113939/","verification-evidence","True","docs/archive/progress-2026-08-22-full.md"
"Build/diagnostics/main-migration/task-9-invasion-travel-integration-boundary/20260823-130000/","verification-evidence","True","docs/archive/progress-2026-08-22-full.md"
"Build/diagnostics/main-migration/task-9-invasion-travel-policy/20260821-223233/","verification-evidence","True","docs/archive/progress-2026-08-22-full.md"
"Build/diagnostics/main-migration/task-9-invasion-warning-message/20260821-235450/","verification-evidence","True","docs/archive/progress-2026-08-22-full.md"
"Build/diagnostics/main-migration/task-9-invasion-warning-policy/20260821-223420/","verification-evidence","True","docs/archive/progress-2026-08-22-full.md"
"Build/diagnostics/main-migration/task-9-invasion-x-state/20260821-234954/","verification-evidence","True","docs/archive/progress-2026-08-22-full.md"
"Build/diagnostics/main-migration/task-9-item-definition-registration-boundary/20260822-010000/","verification-evidence","True","docs/archive/progress-2026-08-22-full.md"
"Build/diagnostics/main-migration/task-9-item-definition-registration-boundary/20260822-170000/","verification-evidence","True","docs/archive/progress-2026-08-22-full.md"
"Build/diagnostics/main-migration/task-9-item-pickup-authority/20260821-000025/","verification-evidence","True","docs/archive/progress-2026-08-22-full.md"
"Build/diagnostics/main-migration/task-9-item-pickup-integrity/20260821-000027/","verification-evidence","True","docs/archive/progress-2026-08-22-full.md"
"Build/diagnostics/main-migration/task-9-item-pickup-integrity/20260821-000029/","verification-evidence","True","docs/archive/progress-2026-08-22-full.md"
"Build/diagnostics/main-migration/task-9-item-world-item-integrity/20260822-010000/","verification-evidence","True","docs/archive/progress-2026-08-22-full.md"
"Build/diagnostics/main-migration/task-9-item-world-motion-integrity/20260821-000026/","verification-evidence","True","docs/archive/progress-2026-08-22-full.md"
"Build/diagnostics/main-migration/task-9-item-world-spawn-integrity/20260821-000024/","verification-evidence","True","docs/archive/progress-2026-08-22-full.md"
"Build/diagnostics/main-migration/task-9-main-initialize-disposition/20260822-011000/scenario.yaml","verification-evidence","True","docs/archive/progress-2026-08-22-full.md"
"Build/diagnostics/main-migration/task-9-main-member-coverage/<run-id>/initializer-owner-matrix.yaml","planned-reference","False","docs/plans/2026-08-22-open-ecs-responsibilities-execution-proposal.md"
"Build/diagnostics/main-migration/task-9-main-member-coverage/20260820-000012/","verification-evidence","True","docs/archive/progress-2026-08-22-full.md"
"Build/diagnostics/main-migration/task-9-main-member-coverage/20260822-130000/","verification-evidence","True","docs/archive/progress-2026-08-22-full.md"
"Build/diagnostics/main-migration/task-9-main-member-coverage/20260822-140000/","verification-evidence","True","docs/archive/progress-2026-08-22-full.md"
"Build/diagnostics/main-migration/task-9-main-member-coverage/20260823-010000/initializer-disposition-focused.txt","verification-evidence","True","docs/archive/progress-2026-08-22-full.md"
"Build/diagnostics/main-migration/task-9-main-member-coverage/20260823-120000/","verification-evidence","True","docs/archive/progress-2026-08-22-full.md"
"Build/diagnostics/main-migration/task-9-main-thread-action-boundary/20260822-001736/","verification-evidence","True","docs/archive/progress-2026-08-22-full.md"
"Build/diagnostics/main-migration/task-9-main-thread-action-boundary/20260823-131500/","verification-evidence","True","docs/archive/progress-2026-08-22-full.md"
"Build/diagnostics/main-migration/task-9-meteor-impact-resolution/20260822-010000/","verification-evidence","True","docs/archive/progress-2026-08-22-full.md"
"Build/diagnostics/main-migration/task-9-moon-phase-day-boundary/20260822-005000/","verification-evidence","True","docs/archive/progress-2026-08-22-full.md"
"Build/diagnostics/main-migration/task-9-moon-phase-day-boundary/20260822-005500/","verification-evidence","True","docs/archive/progress-2026-08-22-full.md"
"Build/diagnostics/main-migration/task-9-moon-phase-state/<runId>/scenario.yaml","planned-reference","False","docs/plans/2026-08-20-world-moon-phase-implementation.md"
"Build/diagnostics/main-migration/task-9-moon-phase-state/20260820-043724/","verification-evidence","True","docs/archive/progress-2026-08-22-full.md"
"Build/diagnostics/main-migration/task-9-moon-phase/20260819-131056/","verification-evidence","True","docs/plans/2026-08-19-main-server-ecs-migration-execution.md"
"Build/diagnostics/main-migration/task-9-moon-phase/20260819-131056/source-manifest.txt","verification-evidence","True","docs/archive/progress-2026-08-22-full.md"
"Build/diagnostics/main-migration/task-9-npc-combat-lifecycle-gap/20260821-000016/","verification-evidence","True","docs/archive/progress-2026-08-22-full.md"
"Build/diagnostics/main-migration/task-9-npc-combat-lifecycle-gap/20260821-000018/","verification-evidence","True","docs/archive/progress-2026-08-22-full.md"
"Build/diagnostics/main-migration/task-9-npc-combat-lifecycle-gap/20260822-003000/","verification-evidence","True","docs/archive/progress-2026-08-22-full.md"
"Build/diagnostics/main-migration/task-9-npc-combat-lifecycle-gap/20260822-150000/","verification-evidence","True","docs/archive/progress-2026-08-22-full.md"
"Build/diagnostics/main-migration/task-9-npc-combat-lifecycle-gap/20260822-180000/npc-protocol-focused.txt","verification-evidence","True","docs/archive/progress-2026-08-22-full.md"
"Build/diagnostics/main-migration/task-9-npc-spawn-authority/20260821-000019/","verification-evidence","True","docs/archive/progress-2026-08-22-full.md"
"Build/diagnostics/main-migration/task-9-npc-spawn-authority/20260821-000020/","verification-evidence","True","docs/archive/progress-2026-08-22-full.md"
"Build/diagnostics/main-migration/task-9-npc-spawn-readiness/20260821-034908/","verification-evidence","True","docs/archive/progress-2026-08-22-full.md"
"Build/diagnostics/main-migration/task-9-player-authority-boundary/20260822-160000/player-lifecycle-focused.txt","verification-evidence","True","docs/archive/progress-2026-08-22-full.md"
"Build/diagnostics/main-migration/task-9-player-authority-boundary/20260822-170000/player-physics-focused.txt","verification-evidence","True","docs/archive/progress-2026-08-22-full.md"
"Build/diagnostics/main-migration/task-9-player-authority-boundary/20260822-190000/player-simulation-focused.txt","verification-evidence","True","docs/archive/progress-2026-08-22-full.md"
"Build/diagnostics/main-migration/task-9-player-authority-boundary/20260822-230000/","verification-evidence","True","docs/archive/progress-2026-08-22-full.md"
"Build/diagnostics/main-migration/task-9-player-authority-boundary/20260823-000000/","verification-evidence","True","docs/archive/progress-2026-08-22-full.md"
"Build/diagnostics/main-migration/task-9-player-lifecycle-coverage/20260821-000015/","verification-evidence","True","docs/archive/progress-2026-08-22-full.md"
"Build/diagnostics/main-migration/task-9-probabilistic-meteor-scheduling-boundary/<run-id>/scenario.yaml","planned-reference","False","docs/plans/2026-08-22-blocked-ecs-migration-unblock-execution-proposal.md"
"Build/diagnostics/main-migration/task-9-projectile-lifetime-authority/20260821-035521/","verification-evidence","True","docs/archive/progress-2026-08-22-full.md"
"Build/diagnostics/main-migration/task-9-projectile-owner-authority/20260821-000021/","verification-evidence","True","docs/archive/progress-2026-08-22-full.md"
"Build/diagnostics/main-migration/task-9-projectile-owner-authority/20260821-000022/","verification-evidence","True","docs/archive/progress-2026-08-22-full.md"
"Build/diagnostics/main-migration/task-9-projectile-owner-authority/20260821-000023/","verification-evidence","True","docs/archive/progress-2026-08-22-full.md"
"Build/diagnostics/main-migration/task-9-projectile-owner-authority/20260821-000028/","verification-evidence","True","docs/archive/progress-2026-08-22-full.md"
"Build/diagnostics/main-migration/task-9-projectile-owner-authority/20260821-000030/","verification-evidence","True","docs/archive/progress-2026-08-22-full.md"
"Build/diagnostics/main-migration/task-9-projectile-owner-authority/20260821-000031/","verification-evidence","True","docs/archive/progress-2026-08-22-full.md"
"Build/diagnostics/main-migration/task-9-projectile-owner-authority/20260822-020000/combat-focused.txt","verification-evidence","True","docs/archive/progress-2026-08-22-full.md"
"Build/diagnostics/main-migration/task-9-projectile-velocity-integrity/20260821-034305/","verification-evidence","True","docs/archive/progress-2026-08-22-full.md"
"Build/diagnostics/main-migration/task-9-protocol-compatibility-boundary/20260822-060000/","verification-evidence","True","docs/archive/progress-2026-08-22-full.md"
"Build/diagnostics/main-migration/task-9-protocol-invasion-clear-flags/20260822-001313/","verification-evidence","True","docs/archive/progress-2026-08-22-full.md"
"Build/diagnostics/main-migration/task-9-random-stream-contract/<run-id>/scenario.yaml","planned-reference","False","docs/plans/2026-08-20-remaining-ecs-migration-execution.md"
"Build/diagnostics/main-migration/task-9-random-stream-contract/20260820-000009/","verification-evidence","True","docs/archive/progress-2026-08-22-full.md"
"Build/diagnostics/main-migration/task-9-random-stream-contract/20260820-000009/scenario.yaml","verification-evidence","True","docs/archive/progress-2026-08-22-full.md"
"Build/diagnostics/main-migration/task-9-secret-seed-rain-repair/20260824-012000/","verification-evidence","True","docs/archive/progress-2026-08-22-full.md"
"Build/diagnostics/main-migration/task-9-server-bootstrap-boundary/20260822-005000/","verification-evidence","True","docs/archive/progress-2026-08-22-full.md"
"Build/diagnostics/main-migration/task-9-server-bootstrap-boundary/20260822-220000/","verification-evidence","True","docs/archive/progress-2026-08-22-full.md"
"Build/diagnostics/main-migration/task-9-server-tick-boundary/20260822-017000/","verification-evidence","True","docs/archive/progress-2026-08-22-full.md"
"Build/diagnostics/main-migration/task-9-server-tick-boundary/20260822-090000/","verification-evidence","True","docs/archive/progress-2026-08-22-full.md"
"Build/diagnostics/main-migration/task-9-server-tick-boundary/20260822-100000/","verification-evidence","True","docs/archive/progress-2026-08-22-full.md"
"Build/diagnostics/main-migration/task-9-slime-rain-eligibility-boundary/20260822-012000/","verification-evidence","True","docs/archive/progress-2026-08-22-full.md"
"Build/diagnostics/main-migration/task-9-slime-rain-eligibility-boundary/20260822-080000/","verification-evidence","True","docs/archive/progress-2026-08-22-full.md"
"Build/diagnostics/main-migration/task-9-slime-rain-eligibility-boundary/20260822-100000/","verification-evidence","True","docs/archive/progress-2026-08-22-full.md"
"Build/diagnostics/main-migration/task-9-slime-rain-eligibility-boundary/20260822-110000/","verification-evidence","True","docs/archive/progress-2026-08-22-full.md"
"Build/diagnostics/main-migration/task-9-slime-rain-eligibility-boundary/20260822-120000/","verification-evidence","True","docs/archive/progress-2026-08-22-full.md"
"Build/diagnostics/main-migration/task-9-static-tile-definition-boundary/20260822-013000/","verification-evidence","True","docs/archive/progress-2026-08-22-full.md"
"Build/diagnostics/main-migration/task-9-static-tile-definition-boundary/20260822-160000/","verification-evidence","True","docs/archive/progress-2026-08-22-full.md"
"Build/diagnostics/main-migration/task-9-supported-npc-definition-boundary/20260822-015000/","verification-evidence","True","docs/archive/progress-2026-08-22-full.md"
"Build/diagnostics/main-migration/task-9-supported-npc-definition-boundary/20260822-190000/","verification-evidence","True","docs/archive/progress-2026-08-22-full.md"
"Build/diagnostics/main-migration/task-9-supported-projectile-definition-boundary/20260822-014000/","verification-evidence","True","docs/archive/progress-2026-08-22-full.md"
"Build/diagnostics/main-migration/task-9-tick-order-coverage/20260820-000014/","verification-evidence","True","docs/archive/progress-2026-08-22-full.md"
"Build/diagnostics/main-migration/task-9-tick-order-coverage/20260822-080000/","verification-evidence","True","docs/archive/progress-2026-08-22-full.md"
"Build/diagnostics/main-migration/task-9-tick-order-invasion/20260821-220650/","verification-evidence","True","docs/archive/progress-2026-08-22-full.md"
"Build/diagnostics/main-migration/task-9-tick-order-world-phase-boundary/20260822-016000/","verification-evidence","True","docs/archive/progress-2026-08-22-full.md"
"Build/diagnostics/main-migration/task-9-tile-command-commit-boundary/20260822-015000/","verification-evidence","True","docs/archive/progress-2026-08-22-full.md"
"Build/diagnostics/main-migration/task-9-tile-command-commit-boundary/20260822-030000/tile-interaction-focused.txt","verification-evidence","True","docs/archive/progress-2026-08-22-full.md"
"Build/diagnostics/main-migration/task-9-tile-command-commit-boundary/20260823-040000/world-grid-focused.txt","verification-evidence","True","docs/archive/progress-2026-08-22-full.md"
"Build/diagnostics/main-migration/task-9-weather-state-model/<run-id>/scenario.yaml","planned-reference","False","docs/plans/2026-08-20-remaining-ecs-migration-execution.md"
"Build/diagnostics/main-migration/task-9-weather-state-model/20260820-000006/","verification-evidence","True","docs/archive/progress-2026-08-22-full.md"
"Build/diagnostics/main-migration/task-9-wiring-boundary/20260822-210000/wiring-focused.txt","verification-evidence","True","docs/archive/progress-2026-08-22-full.md"
"Build/diagnostics/main-migration/task-9-wld-clock-fraction-boundary/20260822-002106/","verification-evidence","True","docs/archive/progress-2026-08-22-full.md"
"Build/diagnostics/main-migration/task-9-wld-clock-fraction-boundary/20260822-210000/","verification-evidence","True","docs/archive/progress-2026-08-22-full.md"
"Build/diagnostics/main-migration/task-9-wld-clock-fraction-boundary/20260823-123000/","verification-evidence","True","docs/archive/progress-2026-08-22-full.md"
"Build/diagnostics/main-migration/task-9-wld-crimson-import/20260820-000000/","verification-evidence","True","docs/archive/progress-2026-08-22-full.md"
"Build/diagnostics/main-migration/task-9-wld-event-flags-import/20260820-133913/","verification-evidence","True","docs/archive/progress-2026-08-22-full.md"
"Build/diagnostics/main-migration/task-9-wld-game-mode-import/20260820-000003/","verification-evidence","True","docs/archive/progress-2026-08-22-full.md"
"Build/diagnostics/main-migration/task-9-wld-generator-version/20260824-010000/","verification-evidence","True","docs/archive/progress-2026-08-22-full.md"
"Build/diagnostics/main-migration/task-9-wld-hardmode-import/20260820-134904/","verification-evidence","True","docs/archive/progress-2026-08-22-full.md"
"Build/diagnostics/main-migration/task-9-wld-header-matrix/<run-id>/scenario.yaml","planned-reference","False","docs/plans/2026-08-20-remaining-ecs-migration-execution.md"
"Build/diagnostics/main-migration/task-9-wld-header-matrix/20260821-000017/","verification-evidence","True","docs/archive/progress-2026-08-22-full.md"
"Build/diagnostics/main-migration/task-9-wld-header-matrix/20260822-004000/","verification-evidence","True","docs/archive/progress-2026-08-22-full.md"
"Build/diagnostics/main-migration/task-9-wld-header-matrix/20260822-130000/compatibility-focused.txt","verification-evidence","True","docs/archive/progress-2026-08-22-full.md"
"Build/diagnostics/main-migration/task-9-wld-header-matrix/20260822-140000/","verification-evidence","True","docs/archive/progress-2026-08-22-full.md"
"Build/diagnostics/main-migration/task-9-wld-header-matrix/20260824-005000/","verification-evidence","True","docs/archive/progress-2026-08-22-full.md"
"Build/diagnostics/main-migration/task-9-wld-invasion-clear-flags/20260822-000856/","verification-evidence","True","docs/archive/progress-2026-08-22-full.md"
"Build/diagnostics/main-migration/task-9-wld-invasion-import/20260820-000001/","verification-evidence","True","docs/archive/progress-2026-08-22-full.md"
"Build/diagnostics/main-migration/task-9-wld-meteor-schedule-import/20260820-000004/","verification-evidence","True","docs/archive/progress-2026-08-22-full.md"
"Build/diagnostics/main-migration/task-9-wld-meteor-schedule-import/20260820-000004/scenario.yaml","verification-evidence","True","docs/plans/2026-08-20-remaining-ecs-migration-execution.md"
"Build/diagnostics/main-migration/task-9-wld-moon-phase-import/20260820-045545/","verification-evidence","True","docs/archive/progress-2026-08-22-full.md"
"Build/diagnostics/main-migration/task-9-wld-ore-tier-qualification/20260824-011000/","verification-evidence","True","docs/archive/progress-2026-08-22-full.md"
"Build/diagnostics/main-migration/task-9-wld-progression-facts-import/20260820-140022/","verification-evidence","True","docs/archive/progress-2026-08-22-full.md"
"Build/diagnostics/main-migration/task-9-wld-rain-import/20260820-000007/","verification-evidence","True","docs/archive/progress-2026-08-22-full.md"
"Build/diagnostics/main-migration/task-9-wld-rain-raw-metadata/20260820-000011/","verification-evidence","True","docs/archive/progress-2026-08-22-full.md"
"Build/diagnostics/main-migration/task-9-wld-rain-runtime-boundary/20260822-003000/","verification-evidence","True","docs/archive/progress-2026-08-22-full.md"
"Build/diagnostics/main-migration/task-9-wld-rain-runtime-boundary/20260822-151500/","verification-evidence","True","docs/archive/progress-2026-08-22-full.md"
"Build/diagnostics/main-migration/task-9-wld-rain-runtime-boundary/20260823-124500/","verification-evidence","True","docs/archive/progress-2026-08-22-full.md"
"Build/diagnostics/main-migration/task-9-wld-seed-text-qualification/20260824-015000/","verification-evidence","True","docs/archive/progress-2026-08-22-full.md"
"Build/diagnostics/main-migration/task-9-wld-uuid-identity/20260824-014000/","verification-evidence","True","docs/archive/progress-2026-08-22-full.md"
"Build/diagnostics/main-migration/task-9-wld-wind-import/20260820-000010/","verification-evidence","True","docs/archive/progress-2026-08-22-full.md"
"Build/diagnostics/main-migration/task-9-world-clock-representation/<run-id>/scenario.yaml","planned-reference","False","docs/plans/2026-08-20-remaining-ecs-migration-execution.md"
"Build/diagnostics/main-migration/task-9-world-clock-representation/20260820-000008/","verification-evidence","True","docs/archive/progress-2026-08-22-full.md"
"Build/diagnostics/main-migration/task-9-world-generation-reduced/20260823-020000/","verification-evidence","True","docs/archive/progress-2026-08-22-full.md"
"Build/diagnostics/main-migration/task-9-world-object-authority/20260822-070000/","verification-evidence","True","docs/archive/progress-2026-08-22-full.md"
"Build/diagnostics/main-migration/task-9-world-object-authority/20260822-110000/","verification-evidence","True","docs/archive/progress-2026-08-22-full.md"
"Build/diagnostics/main-migration/task-9-world-object-authority/20260822-120000/","verification-evidence","True","docs/archive/progress-2026-08-22-full.md"
"Build/diagnostics/main-migration/task-9-world-path-boundary/20260822-013000/","verification-evidence","True","docs/archive/progress-2026-08-22-full.md"
"Build/diagnostics/main-migration/task-9-world-preparation-boundary/20260822-001918/","verification-evidence","True","docs/archive/progress-2026-08-22-full.md"
"Build/diagnostics/main-migration/task-9-world-rules-focused/20260822-050000/","verification-evidence","True","docs/archive/progress-2026-08-22-full.md"
"Build/diagnostics/main-migration/task-9-world-save-load-boundary/20260822-014000/","verification-evidence","True","docs/archive/progress-2026-08-22-full.md"
"Build/diagnostics/main-migration/task-9-world-save-load-boundary/20260822-040000/","verification-evidence","True","docs/archive/progress-2026-08-22-full.md"
"Build/diagnostics/main-migration/task-9-world-time-rate-authority/<run-id>/scenario.yaml","planned-reference","False","docs/plans/2026-08-22-world-time-rate-authority-implementation.md"
"Build/diagnostics/main-migration/task-9-world-time-rate-authority/20260822-130821/","verification-evidence","True","docs/archive/progress-2026-08-22-full.md"
"Build/diagnostics/message-buffer-net-message-source-manifest.json","verification-evidence","True","docs/plans/2026-08-18-message-buffer-net-message-isolated-network-execution-proposal.md"
"Build/diagnostics/player-ecs-migration-evidence.json","verification-evidence","True","docs/plans/2026-08-18-player-ecs-migration-execution.md"
"Build/diagnostics/player-legacy-source-manifest.json","verification-evidence","True","docs/plans/2026-08-18-player-ecs-migration-execution.md"
"Build/diagnostics/projectile-migration-*","planned-reference","False","docs/plans/2026-08-18-projectile-ecs-migration-execution-proposal.md"
"Build/diagnostics/projectile-migration-<timestamp>/behavior-index.json","planned-reference","False","docs/plans/2026-08-18-projectile-ecs-migration-implementation.md"
"Build/diagnostics/projectile-migration-<timestamp>/behavior-index.md","planned-reference","False","docs/plans/2026-08-18-projectile-ecs-migration-implementation.md"
"Build/diagnostics/projectile-migration-<timestamp>/verification.json","planned-reference","False","docs/plans/2026-08-18-projectile-ecs-migration-implementation.md"
"Build/diagnostics/projectile-migration-20260818/behavior-index-generated.json","verification-evidence","True","docs/plans/2026-08-18-projectile-ecs-migration-evidence.md"
"Build/diagnostics/projectile-migration-20260818/verification.json","verification-evidence","True","docs/archive/progress-2026-08-22-full.md"
"Build/diagnostics/real-client-compatibility-20260818.md","verification-evidence","True","docs/plans/2026-08-17-real-client-object-fixture-host-implementation.md"
"Build/diagnostics/server-ecs-convergence/<task>/<run-id>/","planned-reference","False","docs/plans/2026-08-22-server-ecs-convergence-execution-proposal.md"
"Build/diagnostics/server-ecs-convergence/P-final/","verification-evidence","True","docs/plans/2026-08-22-server-ecs-convergence-execution-proposal.md"
"Build/diagnostics/server-ecs-convergence/P-final/<run-id>/summary.md","planned-reference","False","docs/plans/2026-08-22-server-ecs-convergence-execution-proposal.md"
"Build/diagnostics/server-ecs-convergence/P-final/20260822-1643/summary.md","verification-evidence","True","docs/archive/progress-2026-08-22-full.md"
"Build/diagnostics/server-ecs-convergence/P-final/20260822-2015/focused-regression.md","verification-evidence","True","docs/archive/progress-2026-08-22-full.md"
"Build/diagnostics/server-ecs-convergence/P-final/20260822-2230/","verification-evidence","True","docs/plans/2026-08-22-server-ecs-convergence-execution-proposal.md"
"Build/diagnostics/server-ecs-convergence/P-final/20260823-0130/success-criteria-audit.json","verification-evidence","True","docs/plans/2026-08-22-server-ecs-convergence-execution-proposal.md"
"Build/diagnostics/server-ecs-convergence/P-final/20260823-0330/success-criteria-audit.json","verification-evidence","True","docs/plans/2026-08-22-server-ecs-convergence-execution-proposal.md"
"Build/diagnostics/server-ecs-convergence/P-regression/20260823-0100/","historical-reference","True","docs/cr/CR-2026-08-23-build-evidence-refresh.md"
"Build/diagnostics/server-ecs-convergence/P-regression/20260823-0100/results.json","historical-reference","True","docs/cr/CR-2026-08-23-build-evidence-refresh-review.md"
"Build/diagnostics/server-ecs-convergence/P-regression/20260823-0100/summary.md","historical-reference","True","docs/cr/CR-2026-08-23-build-evidence-refresh-review.md"
"Build/diagnostics/server-ecs-convergence/P-regression/current-focused/results.json""","stale-reference","False","docs/server-completion/completion-manifest.json"
"Build/diagnostics/server-ecs-convergence/P-regression/current-full/summary-after-wellfed.json""","stale-reference","False","docs/server-completion/completion-manifest.json"
"Build/diagnostics/server-ecs-convergence/P-regression/summary-after-wellfed.json","historical-reference","True","docs/cr/CR-2026-08-23-build-evidence-refresh.md"
"Build/diagnostics/server-ecs-convergence/P0-build/<run-id>/baseline.md","planned-reference","False","docs/plans/2026-08-22-server-ecs-convergence-execution-proposal.md"
"Build/diagnostics/server-ecs-convergence/P0-build/<run-id>/git-status.txt","planned-reference","False","docs/plans/2026-08-22-server-ecs-convergence-execution-proposal.md"
"Build/diagnostics/server-ecs-convergence/P0-build/20260822-execution-p0/","verification-evidence","True","docs/plans/2026-08-22-server-ecs-convergence-execution-proposal.md"
"Build/diagnostics/server-ecs-convergence/P1-check/","verification-evidence","True","docs/plans/2026-08-22-server-ecs-convergence-execution-proposal.md"
"Build/diagnostics/server-ecs-convergence/P1-join/<run-id>/trace.md","planned-reference","False","docs/plans/2026-08-22-server-ecs-convergence-execution-proposal.md"
"Build/diagnostics/server-ecs-convergence/P4-deletion/*/verify-ledger.ps1","planned-reference","False","docs/plans/2026-08-22-server-ecs-convergence-remaining-work.md"
"Build/diagnostics/server-ecs-convergence/P4-deletion/<run-id>/inventory.json","planned-reference","False","docs/plans/2026-08-22-server-ecs-convergence-execution-proposal.md"
"Build/diagnostics/server-ecs-convergence/P4-deletion/20260822-1930/gate-run.md","verification-evidence","True","docs/archive/progress-2026-08-22-full.md"
"Build/diagnostics/server-ecs-convergence/P4-deletion/20260822-wellfed/evidence.json","verification-evidence","True","docs/plans/2026-08-22-server-ecs-convergence-remaining-work.md"
"Build/diagnostics/server-ecs-convergence/P4-deletion/20260822-wellfed/evidence.json""","stale-reference","False","docs/server-completion/completion-manifest.json"
"Build/diagnostics/server-ecs-convergence/P4-deletion/current/biome-server-relevant-audit.json","verification-evidence","True","docs/flowstate/task/2026-08-22-server-ecs-convergence.md"
"Build/diagnostics/server-ecs-convergence/P4-deletion/current/fish-drop-roller-client-only.json","verification-evidence","True","docs/migrations/version4-physical-deletion-ledger.csv"
"Build/diagnostics/server-ecs-convergence/P4-deletion/current/fish-drop-roller-client-only.json""","stale-reference","False","docs/migrations/version4-physical-deletion-ledger.csv"
"Build/diagnostics/server-ecs-convergence/P4-deletion/current/loot-simulation-client-only.json","verification-evidence","True","docs/flowstate/task/2026-08-22-server-ecs-convergence.md"
"Build/diagnostics/server-ecs-convergence/P4-deletion/current/personality-shop-price-client-only.json""","stale-reference","False","docs/migrations/version4-physical-deletion-ledger.csv"
"Build/diagnostics/server-ecs-convergence/P4-deletion/current/potion-of-return-client-only.json""","stale-reference","False","docs/migrations/version4-physical-deletion-ledger.csv"
"Build/diagnostics/server-ecs-convergence/P4-deletion/current/remaining-server-relevant-audit.json","verification-evidence","True","docs/flowstate/task/2026-08-22-server-ecs-convergence.md"
"Build/diagnostics/server-ecs-convergence/P4-deletion/current/verify-ledger.log","verification-evidence","True","docs/flowstate/task/2026-08-22-server-ecs-convergence.md"
"Build/diagnostics/server-ecs-convergence/P4-deletion/current/verify-ledger.log""","stale-reference","False","docs/worldgen/worldgen-deletion-gate.json"
"Build/diagnostics/server-ecs-convergence/P5-tileentity/20260822-training-dummy-inbound-decode/trace.txt","verification-evidence","True","docs/research/2026-08-23-tile-entity-authority-qualification.md"
"Build/diagnostics/server-ecs-convergence/P5-tileentity/20260822-training-dummy-inbound-route/loopback.txt","verification-evidence","True","docs/research/2026-08-23-tile-entity-authority-qualification.md"
"Build/diagnostics/server-ecs-convergence/P5-tileentity/20260822-training-dummy-inbound-route/server-build.txt","verification-evidence","True","docs/research/2026-08-23-tile-entity-authority-qualification.md"
"Build/diagnostics/server-ecs-convergence/P5-tileentity/20260822-training-dummy-message87-direction.json","verification-evidence","True","docs/flowstate/task/2026-08-22-server-ecs-convergence.md"
"Build/diagnostics/server-ecs-convergence/P5-tileentity/20260822-training-dummy-message87-rejection-contract.json","verification-evidence","True","docs/research/2026-08-23-tile-entity-authority-qualification.md"
"Build/diagnostics/server-ecs-convergence/P5-tileentity/20260822-training-dummy-validity/trace.md","verification-evidence","True","docs/research/2026-08-23-tile-entity-authority-qualification.md"
"Build/diagnostics/server-ecs-convergence/P5-worldobjects/20260822-2200/trace.md","verification-evidence","True","docs/archive/progress-2026-08-22-full.md"
"Build/diagnostics/server-ecs-convergence/P9-worldgen/20260822-1900/trace.md","verification-evidence","True","docs/archive/progress-2026-08-22-full.md"
"Build/diagnostics/server-ecs-convergence/P9-worldgen/20260823-0200/verifier.log","verification-evidence","True","docs/plans/2026-08-22-server-ecs-convergence-execution-proposal.md"
"Build/diagnostics/server-ecs-convergence/P9-worldgen/20260823-0400/verifier.log","verification-evidence","True","docs/plans/2026-08-22-server-ecs-convergence-execution-proposal.md"
"Build/diagnostics/server-ecs-convergence/P9-worldgen/20260823-0500/verifier.log","verification-evidence","True","docs/plans/2026-08-22-server-ecs-convergence-execution-proposal.md"
"Build/diagnostics/server-ecs-convergence/P9-worldgen/20260823-0600/differential.log","verification-evidence","True","docs/plans/2026-08-22-server-ecs-convergence-execution-proposal.md"
"Build/diagnostics/server-ecs-convergence/P9-worldgen/current-full-differential/cave-parity-audit.json","verification-evidence","True","docs/flowstate/task/2026-08-22-server-ecs-convergence.md"
"Build/diagnostics/server-ecs-convergence/P9-worldgen/current-full-differential/legacy-worldgen-differential.json""","stale-reference","False","docs/worldgen/worldgen-deletion-gate.json"
"Build/diagnostics/server-ecs-convergence/P9-worldgen/current-full-differential/trace.txt","verification-evidence","True","docs/flowstate/task/2026-08-22-server-ecs-convergence.md"
"Build/diagnostics/server-ecs-convergence/P9-worldgen/current-full-differential/trace.txt""","stale-reference","False","docs/worldgen/worldgen-deletion-gate.json"
"Build/diagnostics/server-ecs-convergence/P9-worldgen/current-stage-trace/direct-consumer-builds.txt","verification-evidence","True","docs/flowstate/task/2026-08-22-server-ecs-convergence.md"
"Build/diagnostics/server-ecs-convergence/P9-worldgen/current-stage-trace/stage-fingerprint-comparison.json""","stale-reference","False","docs/worldgen/worldgen-deletion-gate.json"
"Build/diagnostics/server-ecs-convergence/P9-worldgen/current-stage-trace/stage-fingerprints.json","verification-evidence","True","docs/flowstate/task/2026-08-22-server-ecs-convergence.md"
"Build/diagnostics/server-ecs-convergence/P9-worldgen/current-stage-trace/terrain-random-algorithm-gap.json","verification-evidence","True","docs/flowstate/task/2026-08-22-server-ecs-convergence.md"
"Build/diagnostics/server-ecs-convergence/P9-worldgen/current-stage-trace/terrain-random-algorithm-gap.json""","stale-reference","False","docs/worldgen/worldgen-stage-contract.json"
"Build/diagnostics/server-ecs-convergence/P9-worldgen/current-stage-trace/worldgen-reduced-surface-history.txt","verification-evidence","True","docs/flowstate/task/2026-08-22-server-ecs-convergence.md"
"Build/diagnostics/server-ecs-convergence/P9-worldgen/current-stage-trace/worldgen-reduced-surface-history.txt""","stale-reference","False","docs/worldgen/worldgen-stage-contract.json"
"Build/diagnostics/server-ecs-convergence/P9-worldgen/current-stage-trace/worldgen-reduced.txt","verification-evidence","True","docs/flowstate/task/2026-08-22-server-ecs-convergence.md"
"Build/diagnostics/summarize_full_session_trace.py","verification-evidence","True","docs/plans/2026-08-16-full-client-server-packet-trace-implementation.md"
"Build/diagnostics/terraria-7777-frame-trace.log","verification-evidence","True","docs/archive/progress-2026-08-22-full.md"
"Build/diagnostics/terraria-dome-server-7778.stdout.log","verification-evidence","True","docs/server-completion/2026-08-15-initial-world-section-recovery.md"
"Build/diagnostics/test_compare_packet_traces.py","verification-evidence","True","docs/plans/2026-08-17-v1456-protocol-compatibility-completeness-implementation.md"
"Build/diagnostics/test_full_session_trace.py","verification-evidence","True","docs/plans/2026-08-16-full-client-server-packet-trace-implementation.md"
"Build/diagnostics/v1456-compatibility-<timestamp>/client/mount-stable.json","planned-reference","False","docs/plans/2026-08-17-v1456-protocol-compatibility-completeness-implementation.md"
"Build/diagnostics/v1456-compatibility-<timestamp>/comparison.md","planned-reference","False","docs/plans/2026-08-17-v1456-protocol-compatibility-completeness-implementation.md"
"Build/diagnostics/v1456-compatibility-<timestamp>/summary.json","planned-reference","False","docs/plans/2026-08-17-v1456-protocol-compatibility-completeness-implementation.md"
"Build/diagnostics/v1456-compatibility-<timestamp>/trace.jsonl","planned-reference","False","docs/plans/2026-08-17-v1456-protocol-compatibility-completeness-implementation.md"
"Build/diagnostics/v1456-compatibility-20260817-140623","verification-evidence","True","docs/protocol/v1456-compatibility-matrix.md"
"Build/diagnostics/v1456-compatibility-20260817-191100-quicklaunch/client/mount-stable.json","verification-evidence","True","docs/protocol/v1456-compatibility-matrix.md"
"Build/diagnostics/v1456-compatibility-20260817-191100-quicklaunch/trace.jsonl","verification-evidence","True","docs/protocol/v1456-compatibility-matrix.md"
"Build/evidence/item-ecs","verification-evidence","True","docs/plans/2026-08-18-item-ecs-migration-execution.md"
"Build/evidence/item-ecs/deferred-member-audit.md","verification-evidence","True","docs/migrations/item-ecs-member-mapping.md"
"Build/evidence/item-ecs/final-manifest.json","verification-evidence","True","docs/archive/progress-2026-08-22-full.md"
"Build/evidence/item-ecs/final-verification.txt","verification-evidence","True","docs/archive/progress-2026-08-22-full.md"
"Build/evidence/item-ecs/item-members.json","verification-evidence","True","docs/plans/2026-08-18-item-ecs-migration-execution.md"
"Build/evidence/item-ecs/item-reference-index.txt","verification-evidence","True","docs/plans/2026-08-18-item-ecs-migration-execution.md"
"Build/evidence/item-ecs/legacy-item-reference-audit.txt","verification-evidence","True","docs/migrations/item-ecs-member-mapping.md"
"Build/evidence/item-ecs/requirements-audit.md","verification-evidence","True","docs/archive/progress-2026-08-22-full.md"
"Build/evidence/item-ecs/version3-version4-file-diff.txt","verification-evidence","True","docs/plans/2026-08-18-item-ecs-migration-execution.md"
"Build/full-regression-20260819-rerun.log","historical-or-scratch","True","docs/plans/2026-08-22-server-ecs-convergence-execution-proposal.md"
"Build/full-regression-20260819-rerun.log""","historical-or-scratch","False","docs/worldgen/worldgen-deletion-gate.json"
"Build/generated","generated-output","True","docs/archive/progress-2026-08-22-full.md"
"Build/generated/Terraria.Dome.Simulation/Debug/net10.0","generated-output","True","docs/archive/progress-2026-08-22-full.md"
"Build/obj","generated-output","True","docs/archive/progress-2026-08-22-full.md"
"Build/obj/src-artifact-archive/","generated-output","True","docs/archive/progress-2026-08-22-full.md"
"Build/obj/Terraria.Dome.Simulation","generated-output","True","docs/archive/progress-2026-08-22-full.md"
"Build/packages","generated-output","True","docs/archive/progress-2026-08-22-full.md"
"Build/Tools","historical-reference","True","docs/cr/CR-2026-08-23-build-evidence-refresh.md"
"Build/Tools/GenerateItemEcsBaseline.ps1","tooling","True","docs/migrations/item-ecs-member-mapping.md"
"Build/worldgen-oracle/full-baseline-1456-repeat.config.txt""","historical-or-scratch","False","docs/worldgen/legacy-worldgen-replay.json"
"Build/worldgen-oracle/full-baseline-1456-repeat.wld""","historical-or-scratch","False","docs/worldgen/legacy-worldgen-replay.json"
"Build/worldgen-oracle/full-baseline-1456.config.txt""","historical-or-scratch","False","docs/worldgen/legacy-worldgen-replay.json"
"Build/worldgen-oracle/full-baseline-1456.wld""","historical-or-scratch","False","docs/worldgen/legacy-worldgen-replay.json"
"Build/worldgen-oracle/instrumented-same-name-full-baseline-1456.dirt-wall-offsets.csv""","historical-or-scratch","False","docs/worldgen/legacy-worldgen-replay.json"
"Build/worldgen-oracle/legacy-1456-repeat.wld""","historical-or-scratch","False","docs/worldgen/legacy-worldgen-replay-physical-reduced.json"
"Build/worldgen-oracle/legacy-1456.wld""","historical-or-scratch","False","docs/worldgen/legacy-worldgen-replay-physical-reduced.json"
"Build/worldgen-oracle/legacy-instrumented-source/Terraria.GameContent.LootSimulation.LootSimulatorConditionSetterTypes/FastConditionSetter.cs","historical-or-scratch","True","docs/migrations/version4-physical-deletion-ledger.csv"
"Build/worldgen-oracle/legacy-instrumented-source/Terraria.GameContent.LootSimulation.LootSimulatorConditionSetterTypes/LuckyCoinConditionSetter.cs","historical-or-scratch","True","docs/migrations/version4-physical-deletion-ledger.csv"
"Build/worldgen-oracle/legacy-instrumented-source/Terraria.GameContent.LootSimulation.LootSimulatorConditionSetterTypes/SlimeStaffConditionSetter.cs","historical-or-scratch","True","docs/migrations/version4-physical-deletion-ledger.csv"
"Build/worldgen-oracle/legacy-instrumented-source/Terraria.GameContent.LootSimulation.LootSimulatorConditionSetterTypes/StackedConditionSetter.cs","historical-or-scratch","True","docs/migrations/version4-physical-deletion-ledger.csv"
"Build/worldgen-oracle/legacy-instrumented-source/Terraria.GameContent.LootSimulation/ISimulationConditionSetter.cs","historical-or-scratch","True","docs/migrations/version4-physical-deletion-ledger.csv"
"Build/worldgen-oracle/legacy-instrumented-source/Terraria.GameContent.LootSimulation/LootSimulator.cs","historical-or-scratch","True","docs/migrations/version4-physical-deletion-ledger.csv"
"Build/worldgen-oracle/legacy-instrumented-source/Terraria.GameContent.LootSimulation/SimulationConditionSetters.cs","historical-or-scratch","True","docs/migrations/version4-physical-deletion-ledger.csv"
