"path","stage","status","evidenceClass","ownerArea","canonicalArtifact","lastModified"
"docs/archive/progress-2026-08-22-full.md","N8","archived","historical","archive","docs/flowstate/retrospective.md","2026-08-22T19:59:43"
"docs/cr/CR-2026-08-23-build-evidence-refresh-review.md","N4","active","decision","cr","docs/flowstate/README.md","2026-08-23T18:43:46"
"docs/cr/CR-2026-08-23-build-evidence-refresh.md","N4","active","decision","cr","docs/flowstate/README.md","2026-08-23T18:43:21"
"docs/cr/CR-2026-08-24-projectile-lifecycle-tombstone.md","N4","active","decision","cr","docs/flowstate/README.md","2026-08-26T21:43:25"
"docs/cr/CR-2026-08-29-player-blocked-core-archive.md","N4","deferred","decision","cr","docs/flowstate/README.md","2026-08-29T21:08:38"
"docs/flowstate/build-context-manifest.csv","N1","active","acceptance-evidence","flowstate","docs/flowstate/README.md","2026-08-31T22:57:53"
"docs/flowstate/document-manifest.csv","N1","active","acceptance-evidence","flowstate","docs/flowstate/README.md","2026-08-31T22:57:50"
"docs/flowstate/dod-checklist.md","N1","active","canonical-process","flowstate","docs/flowstate/README.md","2026-08-29T22:38:58"
"docs/flowstate/manifest-summary.md","N1","active","acceptance-evidence","flowstate","docs/flowstate/README.md","2026-08-31T22:57:53"
"docs/flowstate/plan/2026-08-22-docs-normalization.md","N1","active","canonical-process","flowstate","docs/flowstate/README.md","2026-08-29T22:40:09"
"docs/flowstate/plan/2026-08-22-server-ecs-convergence.md","N1","active","canonical-process","flowstate","docs/flowstate/README.md","2026-08-31T23:03:23"
"docs/flowstate/README.md","N1","active","canonical-process","flowstate","docs/flowstate/README.md","2026-08-31T20:43:51"
"docs/flowstate/requirements.md","N1","active","canonical-process","flowstate","docs/flowstate/README.md","2026-08-29T22:40:09"
"docs/flowstate/retrospective.md","N1","active","canonical-process","flowstate","docs/flowstate/README.md","2026-08-29T22:40:09"
"docs/flowstate/risks.md","N1","active","canonical-process","flowstate","docs/flowstate/README.md","2026-08-29T22:39:36"
"docs/flowstate/scope.md","N1","active","canonical-process","flowstate","docs/flowstate/README.md","2026-08-29T22:38:58"
"docs/flowstate/task/2026-08-22-docs-normalization.md","N1","active","canonical-process","flowstate","docs/flowstate/README.md","2026-08-29T22:40:09"
"docs/flowstate/task/2026-08-22-server-ecs-convergence.md","N1","active","canonical-process","flowstate","docs/flowstate/README.md","2026-08-31T23:03:23"
"docs/flowstate/task/2026-08-31-pyramid-wall-frame-evaluation-continuation.md","N1","active","canonical-process","flowstate","docs/flowstate/README.md","2026-08-31T22:22:01"
"docs/flowstate/tech-debt.md","N1","active","canonical-process","flowstate","docs/flowstate/README.md","2026-08-29T22:40:09"
"docs/migrations/item-ecs-member-mapping.md","N3","active","migration-evidence","migrations","docs/flowstate/scope.md","2026-08-19T13:56:58"
"docs/migrations/item-field-property-ecs-migration.md","N3","active","migration-evidence","migrations","docs/flowstate/scope.md","2026-08-31T23:06:32"
"docs/migrations/main-field-property-ecs-migration.md","N3","active","migration-evidence","migrations","docs/flowstate/scope.md","2026-08-31T22:43:41"
"docs/migrations/main-server-responsibility-ledger.md","N3","active","migration-evidence","migrations","docs/flowstate/scope.md","2026-08-25T03:21:33"
"docs/migrations/npc-field-property-ecs-migration.md","N3","active","migration-evidence","migrations","docs/flowstate/scope.md","2026-08-31T01:26:37"
"docs/migrations/player-blocked-core-archive.md","N3","deferred","migration-evidence","migrations","docs/flowstate/scope.md","2026-08-29T23:28:35"
"docs/migrations/player-blocked-core-evidence-reconciliation.md","N3","deferred","migration-evidence","migrations","docs/flowstate/scope.md","2026-08-29T23:28:35"
"docs/migrations/player-blocked-core-phase7-boundary-20260829.md","N3","deferred","migration-evidence","migrations","docs/flowstate/scope.md","2026-08-30T02:30:11"
"docs/migrations/player-legacy-behavior-map.md","N3","active","migration-evidence","migrations","docs/flowstate/scope.md","2026-08-29T23:28:35"
"docs/migrations/player-legacy-method-status.csv","N3","active","acceptance-evidence","migrations","docs/flowstate/scope.md","2026-08-29T21:08:14"
"docs/migrations/version4-physical-deletion-ledger.csv","N3","active","migration-evidence","migrations","docs/flowstate/scope.md","2026-08-23T00:45:15"
"docs/migrations/version4-physical-deletion-ledger.md","N3","active","migration-evidence","migrations","docs/flowstate/scope.md","2026-08-23T00:45:44"
"docs/migrations/worldgen-field-property-migration.md","N3","active","migration-evidence","migrations","docs/flowstate/scope.md","2026-08-30T04:42:32"
"docs/plans/2026-08-13-arch-ecs-dome-design.md","N3","active","plan","plans","docs/flowstate/plan/2026-08-22-docs-normalization.md","2026-08-13T15:21:40"
"docs/plans/2026-08-13-arch-ecs-dome-implementation.md","N4","active","plan","plans","docs/flowstate/plan/2026-08-22-docs-normalization.md","2026-08-29T22:46:29"
"docs/plans/2026-08-13-authoritative-world-grid-design.md","N3","active","plan","plans","docs/flowstate/plan/2026-08-22-docs-normalization.md","2026-08-13T21:41:39"
"docs/plans/2026-08-13-authoritative-world-grid-implementation.md","N4","active","plan","plans","docs/flowstate/plan/2026-08-22-docs-normalization.md","2026-08-13T21:41:39"
"docs/plans/2026-08-13-dome-client-v1456-implementation.md","N4","active","plan","plans","docs/flowstate/plan/2026-08-22-docs-normalization.md","2026-08-13T21:06:47"
"docs/plans/2026-08-13-dome-core-server-90-percent-implementation.md","N4","active","plan","plans","docs/flowstate/plan/2026-08-22-docs-normalization.md","2026-08-13T23:06:37"
"docs/plans/2026-08-13-terraria-v1456-protocol-implementation.md","N4","active","plan","plans","docs/flowstate/plan/2026-08-22-docs-normalization.md","2026-08-13T16:41:32"
"docs/plans/2026-08-14-player-authority-persistence-design.md","N3","active","plan","plans","docs/flowstate/plan/2026-08-22-docs-normalization.md","2026-08-14T14:13:15"
"docs/plans/2026-08-14-player-authority-persistence-implementation.md","N4","active","plan","plans","docs/flowstate/plan/2026-08-22-docs-normalization.md","2026-08-29T22:46:29"
"docs/plans/2026-08-15-full-client-kill-projectile-compatibility-implementation.md","N4","active","plan","plans","docs/flowstate/plan/2026-08-22-docs-normalization.md","2026-08-29T22:46:30"
"docs/plans/2026-08-16-dome-full-server-packet-parity-implementation.md","N4","active","acceptance-evidence","plans","docs/flowstate/plan/2026-08-22-docs-normalization.md","2026-08-29T22:46:31"
"docs/plans/2026-08-16-full-client-server-packet-trace-implementation.md","N4","active","plan","plans","docs/flowstate/plan/2026-08-22-docs-normalization.md","2026-08-29T22:46:31"
"docs/plans/2026-08-16-session-lifecycle-disconnect-design.md","N3","active","plan","plans","docs/flowstate/plan/2026-08-22-docs-normalization.md","2026-08-16T22:46:14"
"docs/plans/2026-08-17-net10-wld-world-import-implementation.md","N4","active","plan","plans","docs/flowstate/plan/2026-08-22-docs-normalization.md","2026-08-29T22:46:32"
"docs/plans/2026-08-17-real-client-object-fixture-host-design.md","N3","active","plan","plans","docs/flowstate/plan/2026-08-22-docs-normalization.md","2026-08-17T22:02:11"
"docs/plans/2026-08-17-real-client-object-fixture-host-implementation.md","N4","active","plan","plans","docs/flowstate/plan/2026-08-22-docs-normalization.md","2026-08-29T22:46:32"
"docs/plans/2026-08-17-request-section-recovery-implementation.md","N4","active","plan","plans","docs/flowstate/plan/2026-08-22-docs-normalization.md","2026-08-29T22:46:33"
"docs/plans/2026-08-17-v1456-protocol-compatibility-completeness-implementation.md","N4","active","plan","plans","docs/flowstate/plan/2026-08-22-docs-normalization.md","2026-08-29T22:46:34"
"docs/plans/2026-08-18-item-ecs-migration-design.md","N3","active","plan","plans","docs/flowstate/plan/2026-08-22-docs-normalization.md","2026-08-19T01:07:08"
"docs/plans/2026-08-18-item-ecs-migration-execution.md","N4","active","plan","plans","docs/flowstate/plan/2026-08-22-docs-normalization.md","2026-08-29T22:46:34"
"docs/plans/2026-08-18-main-server-ecs-migration-implementation.md","N4","active","plan","plans","docs/flowstate/plan/2026-08-22-docs-normalization.md","2026-08-29T22:46:35"
"docs/plans/2026-08-18-message-buffer-net-message-isolated-network-execution-proposal.md","N4","active","plan","plans","docs/flowstate/plan/2026-08-22-docs-normalization.md","2026-08-29T22:46:35"
"docs/plans/2026-08-18-npc-ecs-migration-design.md","N3","active","plan","plans","docs/flowstate/plan/2026-08-22-docs-normalization.md","2026-08-18T15:40:03"
"docs/plans/2026-08-18-npc-ecs-migration-implementation.md","N4","active","plan","plans","docs/flowstate/plan/2026-08-22-docs-normalization.md","2026-08-29T22:46:36"
"docs/plans/2026-08-18-player-ecs-migration-design.md","N3","active","plan","plans","docs/flowstate/plan/2026-08-22-docs-normalization.md","2026-08-18T15:34:39"
"docs/plans/2026-08-18-player-ecs-migration-execution.md","N4","active","plan","plans","docs/flowstate/plan/2026-08-22-docs-normalization.md","2026-08-29T22:46:36"
"docs/plans/2026-08-18-projectile-ecs-migration-evidence.md","N4","active","plan","plans","docs/flowstate/plan/2026-08-22-docs-normalization.md","2026-08-18T22:28:25"
"docs/plans/2026-08-18-projectile-ecs-migration-execution-proposal.md","N4","active","plan","plans","docs/flowstate/plan/2026-08-22-docs-normalization.md","2026-08-18T15:31:03"
"docs/plans/2026-08-18-projectile-ecs-migration-implementation.md","N4","active","plan","plans","docs/flowstate/plan/2026-08-22-docs-normalization.md","2026-08-29T22:46:37"
"docs/plans/2026-08-18-wiring-liquid-chest-ecs-migration-execution-proposal.md","N4","active","plan","plans","docs/flowstate/plan/2026-08-22-docs-normalization.md","2026-08-19T13:58:00"
"docs/plans/2026-08-18-worldgen-ecs-migration-execution-proposal.md","N4","active","plan","plans","docs/flowstate/plan/2026-08-22-docs-normalization.md","2026-08-18T15:50:28"
"docs/plans/2026-08-19-chest-mutation-design.md","N3","active","plan","plans","docs/flowstate/plan/2026-08-22-docs-normalization.md","2026-08-18T23:58:02"
"docs/plans/2026-08-19-chest-mutation-implementation.md","N4","active","plan","plans","docs/flowstate/plan/2026-08-22-docs-normalization.md","2026-08-29T22:46:38"
"docs/plans/2026-08-19-half-brick-collision-implementation.md","N4","active","plan","plans","docs/flowstate/plan/2026-08-22-docs-normalization.md","2026-08-29T22:46:38"
"docs/plans/2026-08-19-item-extractinator-design.md","N3","active","plan","plans","docs/flowstate/plan/2026-08-22-docs-normalization.md","2026-08-19T13:16:39"
"docs/plans/2026-08-19-item-extractinator-implementation.md","N4","active","plan","plans","docs/flowstate/plan/2026-08-22-docs-normalization.md","2026-08-29T22:46:39"
"docs/plans/2026-08-19-lantern-night-manual-genuine-migration-execution.md","N4","active","plan","plans","docs/flowstate/plan/2026-08-22-docs-normalization.md","2026-08-29T22:46:39"
"docs/plans/2026-08-19-liquid-contact-destruction-design.md","N3","active","plan","plans","docs/flowstate/plan/2026-08-22-docs-normalization.md","2026-08-19T13:23:47"
"docs/plans/2026-08-19-liquid-contact-destruction-implementation.md","N4","active","plan","plans","docs/flowstate/plan/2026-08-22-docs-normalization.md","2026-08-29T22:46:40"
"docs/plans/2026-08-19-liquid-runtime-panic-design.md","N3","active","plan","plans","docs/flowstate/plan/2026-08-22-docs-normalization.md","2026-08-19T13:43:55"
"docs/plans/2026-08-19-liquid-runtime-panic-implementation.md","N4","active","plan","plans","docs/flowstate/plan/2026-08-22-docs-normalization.md","2026-08-29T22:46:40"
"docs/plans/2026-08-19-liquid-tile-definition-design.md","N3","active","plan","plans","docs/flowstate/plan/2026-08-22-docs-normalization.md","2026-08-19T01:42:39"
"docs/plans/2026-08-19-liquid-tile-definition-implementation.md","N4","active","plan","plans","docs/flowstate/plan/2026-08-22-docs-normalization.md","2026-08-29T22:46:41"
"docs/plans/2026-08-19-main-server-ecs-migration-execution.md","N4","active","plan","plans","docs/flowstate/plan/2026-08-22-docs-normalization.md","2026-08-21T02:35:09"
"docs/plans/2026-08-19-player-top-slope-collision-implementation.md","N4","active","plan","plans","docs/flowstate/plan/2026-08-22-docs-normalization.md","2026-08-29T22:46:42"
"docs/plans/2026-08-19-task-8-chest-footprint-migration-execution.md","N4","active","plan","plans","docs/flowstate/plan/2026-08-22-docs-normalization.md","2026-08-19T16:16:58"
"docs/plans/2026-08-19-wiring-chest-tileobject-liquid-design.md","N3","active","plan","plans","docs/flowstate/plan/2026-08-22-docs-normalization.md","2026-08-19T14:06:03"
"docs/plans/2026-08-19-wiring-chest-tileobject-liquid-implementation.md","N4","active","plan","plans","docs/flowstate/plan/2026-08-22-docs-normalization.md","2026-08-19T14:06:03"
"docs/plans/2026-08-20-invasion-lifecycle-decision.md","N4","active","plan","plans","docs/flowstate/plan/2026-08-22-docs-normalization.md","2026-08-20T18:09:19"
"docs/plans/2026-08-20-remaining-ecs-migration-execution.md","N4","deferred","plan","plans","docs/flowstate/plan/2026-08-22-docs-normalization.md","2026-08-29T22:46:42"
"docs/plans/2026-08-20-simulation-random-stream-contract.md","N4","active","plan","plans","docs/flowstate/plan/2026-08-22-docs-normalization.md","2026-08-20T17:25:26"
"docs/plans/2026-08-20-task-0-ecs-migration-execution.md","N4","active","plan","plans","docs/flowstate/plan/2026-08-22-docs-normalization.md","2026-08-29T22:46:43"
"docs/plans/2026-08-20-weather-state-model-design.md","N3","active","plan","plans","docs/flowstate/plan/2026-08-22-docs-normalization.md","2026-08-20T15:56:39"
"docs/plans/2026-08-20-wld-moon-phase-import-design.md","N3","active","plan","plans","docs/flowstate/plan/2026-08-22-docs-normalization.md","2026-08-20T04:56:21"
"docs/plans/2026-08-20-wld-moon-phase-import-implementation.md","N4","active","plan","plans","docs/flowstate/plan/2026-08-22-docs-normalization.md","2026-08-29T22:46:45"
"docs/plans/2026-08-20-wld-rain-raw-metadata-design.md","N3","active","plan","plans","docs/flowstate/plan/2026-08-22-docs-normalization.md","2026-08-20T18:03:40"
"docs/plans/2026-08-20-wld-wind-import-design.md","N3","active","plan","plans","docs/flowstate/plan/2026-08-22-docs-normalization.md","2026-08-20T17:50:25"
"docs/plans/2026-08-20-world-clock-representation-decision.md","N4","active","plan","plans","docs/flowstate/plan/2026-08-22-docs-normalization.md","2026-08-20T16:02:48"
"docs/plans/2026-08-20-world-moon-phase-design.md","N3","active","plan","plans","docs/flowstate/plan/2026-08-22-docs-normalization.md","2026-08-20T04:36:27"
"docs/plans/2026-08-20-world-moon-phase-implementation.md","N4","active","plan","plans","docs/flowstate/plan/2026-08-22-docs-normalization.md","2026-08-29T22:46:43"
"docs/plans/2026-08-20-world-surface-metadata-design.md","N3","active","plan","plans","docs/flowstate/plan/2026-08-22-docs-normalization.md","2026-08-20T03:38:23"
"docs/plans/2026-08-20-world-surface-metadata-execution.md","N4","active","plan","plans","docs/flowstate/plan/2026-08-22-docs-normalization.md","2026-08-29T22:46:44"
"docs/plans/2026-08-20-worldgen-ecs-migration-remaining-execution-proposal.md","N4","deferred","plan","plans","docs/flowstate/plan/2026-08-22-docs-normalization.md","2026-08-22T08:14:52"
"docs/plans/2026-08-21-invasion-completion-event.md","N4","active","acceptance-evidence","plans","docs/flowstate/plan/2026-08-22-docs-normalization.md","2026-08-21T22:38:37"
"docs/plans/2026-08-21-invasion-delay-policy.md","N4","active","plan","plans","docs/flowstate/plan/2026-08-22-docs-normalization.md","2026-08-29T22:51:26"
"docs/plans/2026-08-21-invasion-delay-spawn-integration.md","N4","active","plan","plans","docs/flowstate/plan/2026-08-22-docs-normalization.md","2026-08-21T23:34:23"
"docs/plans/2026-08-21-invasion-position-guard.md","N4","active","plan","plans","docs/flowstate/plan/2026-08-22-docs-normalization.md","2026-08-29T22:51:26"
"docs/plans/2026-08-21-invasion-progress-projection.md","N4","active","plan","plans","docs/flowstate/plan/2026-08-22-docs-normalization.md","2026-08-21T23:41:28"
"docs/plans/2026-08-21-invasion-size-start.md","N4","active","plan","plans","docs/flowstate/plan/2026-08-22-docs-normalization.md","2026-08-21T22:56:04"
"docs/plans/2026-08-21-invasion-spawn-guard.md","N4","active","plan","plans","docs/flowstate/plan/2026-08-22-docs-normalization.md","2026-08-21T23:02:04"
"docs/plans/2026-08-21-invasion-start-eligibility.md","N4","active","plan","plans","docs/flowstate/plan/2026-08-22-docs-normalization.md","2026-08-21T22:42:39"
"docs/plans/2026-08-21-invasion-town-fallback-guard.md","N4","active","plan","plans","docs/flowstate/plan/2026-08-22-docs-normalization.md","2026-08-29T22:51:26"
"docs/plans/2026-08-21-invasion-warning-message.md","N4","active","plan","plans","docs/flowstate/plan/2026-08-22-docs-normalization.md","2026-08-21T23:55:50"
"docs/plans/2026-08-21-invasion-x-state.md","N4","active","plan","plans","docs/flowstate/plan/2026-08-22-docs-normalization.md","2026-08-21T23:51:48"
"docs/plans/2026-08-21-item-pickup-authority.md","N4","active","plan","plans","docs/flowstate/plan/2026-08-22-docs-normalization.md","2026-08-21T03:10:20"
"docs/plans/2026-08-21-item-pickup-integrity.md","N4","active","plan","plans","docs/flowstate/plan/2026-08-22-docs-normalization.md","2026-08-21T03:14:38"
"docs/plans/2026-08-21-item-world-motion-integrity.md","N4","active","plan","plans","docs/flowstate/plan/2026-08-22-docs-normalization.md","2026-08-21T03:12:44"
"docs/plans/2026-08-21-item-world-spawn-integrity.md","N4","active","plan","plans","docs/flowstate/plan/2026-08-22-docs-normalization.md","2026-08-21T03:05:21"
"docs/plans/2026-08-21-npc-combat-lifecycle-gap.md","N4","active","plan","plans","docs/flowstate/plan/2026-08-22-docs-normalization.md","2026-08-21T01:20:01"
"docs/plans/2026-08-21-npc-spawn-authority.md","N4","active","plan","plans","docs/flowstate/plan/2026-08-22-docs-normalization.md","2026-08-21T03:49:35"
"docs/plans/2026-08-21-projectile-lifetime-authority.md","N4","active","plan","plans","docs/flowstate/plan/2026-08-22-docs-normalization.md","2026-08-21T03:55:42"
"docs/plans/2026-08-21-projectile-owner-authority.md","N4","active","plan","plans","docs/flowstate/plan/2026-08-22-docs-normalization.md","2026-08-21T03:35:04"
"docs/plans/2026-08-21-tick-order-invasion.md","N4","active","plan","plans","docs/flowstate/plan/2026-08-22-docs-normalization.md","2026-08-21T22:14:48"
"docs/plans/2026-08-22-blocked-ecs-migration-unblock-execution-proposal.md","N4","deferred","plan","plans","docs/flowstate/plan/2026-08-22-docs-normalization.md","2026-08-29T22:46:45"
"docs/plans/2026-08-22-blocked-responsibilities-execution.md","N4","deferred","plan","plans","docs/flowstate/plan/2026-08-22-docs-normalization.md","2026-08-29T22:46:46"
"docs/plans/2026-08-22-combat-damage-rules.md","N4","active","plan","plans","docs/flowstate/plan/2026-08-22-docs-normalization.md","2026-08-22T00:33:07"
"docs/plans/2026-08-22-delayed-process-semantics-boundary.md","N4","active","plan","plans","docs/flowstate/plan/2026-08-22-docs-normalization.md","2026-08-22T02:25:58"
"docs/plans/2026-08-22-entity-ownership-initialization-boundary.md","N4","active","plan","plans","docs/flowstate/plan/2026-08-22-docs-normalization.md","2026-08-22T01:00:44"
"docs/plans/2026-08-22-invasion-clear-flags-state.md","N4","active","plan","plans","docs/flowstate/plan/2026-08-22-docs-normalization.md","2026-08-22T00:03:36"
"docs/plans/2026-08-22-invasion-travel-integration-boundary.md","N4","active","plan","plans","docs/flowstate/plan/2026-08-22-docs-normalization.md","2026-08-22T13:50:34"
"docs/plans/2026-08-22-item-definition-registration-boundary.md","N4","active","plan","plans","docs/flowstate/plan/2026-08-22-docs-normalization.md","2026-08-22T00:54:46"
"docs/plans/2026-08-22-main-thread-action-boundary.md","N4","active","plan","plans","docs/flowstate/plan/2026-08-22-docs-normalization.md","2026-08-22T00:17:59"
"docs/plans/2026-08-22-meteor-impact-resolution.md","N4","active","plan","plans","docs/flowstate/plan/2026-08-22-docs-normalization.md","2026-08-22T00:31:36"
"docs/plans/2026-08-22-moon-phase-day-boundary.md","N4","active","plan","plans","docs/flowstate/plan/2026-08-22-docs-normalization.md","2026-08-22T00:28:00"
"docs/plans/2026-08-22-moon-phase-day-rule.md","N4","active","plan","plans","docs/flowstate/plan/2026-08-22-docs-normalization.md","2026-08-22T00:30:21"
"docs/plans/2026-08-22-open-ecs-responsibilities-execution-proposal.md","N4","deferred","plan","plans","docs/flowstate/plan/2026-08-22-docs-normalization.md","2026-08-29T22:46:46"
"docs/plans/2026-08-22-protocol-invasion-clear-flags.md","N4","active","plan","plans","docs/flowstate/plan/2026-08-22-docs-normalization.md","2026-08-22T00:14:04"
"docs/plans/2026-08-22-remaining-ecs-open-responsibilities-execution.md","N4","deferred","plan","plans","docs/flowstate/plan/2026-08-22-docs-normalization.md","2026-08-29T22:46:47"
"docs/plans/2026-08-22-server-bootstrap-boundary.md","N4","active","plan","plans","docs/flowstate/plan/2026-08-22-docs-normalization.md","2026-08-22T00:48:26"
"docs/plans/2026-08-22-server-ecs-convergence-design.md","N3","active","plan","plans","docs/flowstate/plan/2026-08-22-docs-normalization.md","2026-08-22T12:51:12"
"docs/plans/2026-08-22-server-ecs-convergence-execution-proposal.md","N4","active","plan","plans","docs/flowstate/plan/2026-08-22-docs-normalization.md","2026-08-29T22:46:47"
"docs/plans/2026-08-22-server-ecs-convergence-remaining-work.md","N4","deferred","plan","plans","docs/flowstate/plan/2026-08-22-server-ecs-convergence.md","2026-08-23T19:36:27"
"docs/plans/2026-08-22-server-tick-boundary.md","N4","active","plan","plans","docs/flowstate/plan/2026-08-22-docs-normalization.md","2026-08-22T00:43:48"
"docs/plans/2026-08-22-slime-rain-eligibility-boundary.md","N4","active","plan","plans","docs/flowstate/plan/2026-08-22-docs-normalization.md","2026-08-22T00:34:40"
"docs/plans/2026-08-22-static-tile-definition-boundary.md","N4","active","plan","plans","docs/flowstate/plan/2026-08-22-docs-normalization.md","2026-08-22T01:17:44"
"docs/plans/2026-08-22-supported-npc-definition-boundary.md","N4","active","plan","plans","docs/flowstate/plan/2026-08-22-docs-normalization.md","2026-08-22T01:25:08"
"docs/plans/2026-08-22-supported-projectile-definition-boundary.md","N4","active","plan","plans","docs/flowstate/plan/2026-08-22-docs-normalization.md","2026-08-22T01:21:42"
"docs/plans/2026-08-22-tick-order-world-phase-boundary.md","N4","active","plan","plans","docs/flowstate/plan/2026-08-22-docs-normalization.md","2026-08-22T00:42:39"
"docs/plans/2026-08-22-tile-command-commit-boundary.md","N4","active","plan","plans","docs/flowstate/plan/2026-08-22-docs-normalization.md","2026-08-22T00:41:31"
"docs/plans/2026-08-22-wld-clock-fraction-boundary.md","N4","active","plan","plans","docs/flowstate/plan/2026-08-22-docs-normalization.md","2026-08-22T14:26:54"
"docs/plans/2026-08-22-wld-invasion-clear-flags.md","N4","active","plan","plans","docs/flowstate/plan/2026-08-22-docs-normalization.md","2026-08-22T00:10:00"
"docs/plans/2026-08-22-wld-rain-runtime-boundary.md","N4","active","plan","plans","docs/flowstate/plan/2026-08-22-docs-normalization.md","2026-08-22T12:32:51"
"docs/plans/2026-08-22-world-path-orchestration-boundary.md","N4","active","plan","plans","docs/flowstate/plan/2026-08-22-docs-normalization.md","2026-08-22T00:37:02"
"docs/plans/2026-08-22-world-preparation-boundary.md","N4","active","plan","plans","docs/flowstate/plan/2026-08-22-docs-normalization.md","2026-08-22T00:19:44"
"docs/plans/2026-08-22-world-save-load-boundary.md","N4","active","plan","plans","docs/flowstate/plan/2026-08-22-docs-normalization.md","2026-08-22T02:51:52"
"docs/plans/2026-08-22-world-time-rate-authority-design.md","N3","active","plan","plans","docs/flowstate/plan/2026-08-22-docs-normalization.md","2026-08-22T13:09:00"
"docs/plans/2026-08-22-world-time-rate-authority-implementation.md","N4","active","plan","plans","docs/flowstate/plan/2026-08-22-docs-normalization.md","2026-08-29T22:46:48"
"docs/plans/2026-08-23-armor-set-qualification-execution.md","N4","active","plan","plans","docs/flowstate/plan/2026-08-22-docs-normalization.md","2026-08-22T14:47:10"
"docs/plans/2026-08-23-blocked-responsibilities-execution.md","N4","deferred","plan","plans","docs/flowstate/plan/2026-08-22-docs-normalization.md","2026-08-22T15:55:41"
"docs/plans/2026-08-23-remaining-ecs-migration-execution-proposal.md","N4","deferred","plan","plans","docs/flowstate/plan/2026-08-22-docs-normalization.md","2026-08-29T22:46:49"
"docs/plans/2026-08-23-remaining-ecs-migration-summary-and-todos.md","N4","deferred","plan","plans","docs/flowstate/plan/2026-08-22-docs-normalization.md","2026-08-22T22:42:43"
"docs/plans/2026-08-24-deferred-protocol-contracts-proposal.md","N4","deferred","plan","plans","docs/flowstate/plan/2026-08-22-docs-normalization.md","2026-08-24T06:49:11"
"docs/plans/2026-08-24-main-tick-initialization-world-events-execution.md","N4","active","plan","plans","docs/flowstate/plan/2026-08-22-docs-normalization.md","2026-08-24T02:01:20"
"docs/plans/2026-08-24-npc-behavior-ai-spawn-loot-execution.md","N4","active","plan","plans","docs/flowstate/plan/2026-08-22-docs-normalization.md","2026-08-24T02:11:45"
"docs/plans/2026-08-24-parallel-development-contract-freeze.md","N4","active","plan","plans","docs/flowstate/plan/2026-08-22-docs-normalization.md","2026-08-24T06:05:43"
"docs/plans/2026-08-24-worldgen-complete-migration-execution.md","N4","active","plan","plans","docs/flowstate/plan/2026-08-22-docs-normalization.md","2026-08-24T01:48:23"
"docs/plans/2026-08-26-npc-projectile-ai-replication-design.md","N3","active","plan","plans","docs/flowstate/plan/2026-08-22-docs-normalization.md","2026-08-26T23:51:43"
"docs/plans/2026-08-27-projectile-ai-style-2-design.md","N3","active","plan","plans","docs/flowstate/plan/2026-08-22-docs-normalization.md","2026-08-27T01:21:30"
"docs/plans/2026-08-27-projectile-ai-style-2-implementation-plan.md","N4","active","plan","plans","docs/flowstate/plan/2026-08-22-docs-normalization.md","2026-08-29T22:46:49"
"docs/plans/2026-08-29-flowstate-docs-simplification.md","N4","active","plan","plans","docs/flowstate/plan/2026-08-22-docs-normalization.md","2026-08-29T22:35:57"
"docs/plans/2026-08-29-player-blocked-core-unblock-execution.md","N4","deferred","plan","plans","docs/flowstate/plan/2026-08-22-docs-normalization.md","2026-08-29T23:30:12"
"docs/plans/2026-08-29-projectile-sign-placement-execution.md","N4","active","plan","plans","docs/flowstate/plan/2026-08-22-docs-normalization.md","2026-08-30T00:47:04"
"docs/plans/2026-08-30-projectile-world-object-command-blocked-execution.md","N4","deferred","plan","plans","docs/flowstate/plan/2026-08-22-docs-normalization.md","2026-08-31T21:26:25"
"docs/plans/2026-08-31-projectile-b248-network-scheduling-continuation.md","N4","active","plan","plans","docs/flowstate/plan/2026-08-22-docs-normalization.md","2026-08-31T22:20:56"
"docs/plans/2026-08-31-server-required-field-property-migration-plan.md","N4","active","plan","plans","docs/flowstate/plan/2026-08-22-docs-normalization.md","2026-08-31T20:03:31"
"docs/plans/2026-08-31-worldgen-pyramid-tunnel-opening-design.md","N3","deferred","plan","plans","docs/flowstate/plan/2026-08-22-docs-normalization.md","2026-08-31T21:32:35"
"docs/plans/2026-08-31-worldgen-pyramid-tunnel-opening.md","N4","deferred","plan","plans","docs/flowstate/plan/2026-08-22-docs-normalization.md","2026-08-31T21:52:50"
"docs/plans/2026-08-31-worldgen-pyramid-wall-frame-evaluation-design.md","N3","active","plan","plans","docs/flowstate/plan/2026-08-22-docs-normalization.md","2026-08-31T19:44:25"
"docs/plans/2026-08-31-worldgen-pyramid-wall-frame-evaluation.md","N4","active","plan","plans","docs/flowstate/plan/2026-08-22-docs-normalization.md","2026-08-31T19:44:38"
"docs/plans/2026-08-31-worldgen-pyramid-wall-frame-neighbor-design.md","N3","active","plan","plans","docs/flowstate/plan/2026-08-22-docs-normalization.md","2026-08-31T18:43:56"
"docs/plans/2026-08-31-worldgen-pyramid-wall-frame-neighbor.md","N4","active","plan","plans","docs/flowstate/plan/2026-08-22-docs-normalization.md","2026-08-31T18:43:56"
"docs/plans/2026-08-31-worldgen-pyramid-wall-framing-design.md","N3","active","plan","plans","docs/flowstate/plan/2026-08-22-docs-normalization.md","2026-08-31T18:02:51"
"docs/plans/2026-08-31-worldgen-pyramid-wall-framing.md","N4","active","plan","plans","docs/flowstate/plan/2026-08-22-docs-normalization.md","2026-08-31T18:02:51"
"docs/protocol/message-buffer-net-message-status.md","N6","active","acceptance-evidence","protocol","docs/flowstate/dod-checklist.md","2026-08-18T21:48:21"
"docs/protocol/section-7-code-evidence-and-contract-freeze.md","N6","active","acceptance-evidence","protocol","docs/flowstate/dod-checklist.md","2026-08-24T12:36:04"
"docs/protocol/v1456-compatibility-matrix.md","N6","active","acceptance-evidence","protocol","docs/flowstate/dod-checklist.md","2026-08-17T19:12:02"
"docs/research/2026-08-18-npc-migration-coverage.md","N3","active","acceptance-evidence","research","docs/flowstate/requirements.md","2026-08-24T07:01:02"
"docs/research/2026-08-18-npc-migration-source-manifest.md","N3","active","acceptance-evidence","research","docs/flowstate/requirements.md","2026-08-18T15:54:31"
"docs/research/2026-08-18-server-acceptance-research.md","N3","active","decision","research","docs/flowstate/requirements.md","2026-08-18T15:20:42"
"docs/research/2026-08-18-wiring-liquid-chest-coverage.md","N3","active","acceptance-evidence","research","docs/flowstate/requirements.md","2026-08-19T13:47:36"
"docs/research/2026-08-18-wiring-liquid-chest-source-manifest.md","N3","active","acceptance-evidence","research","docs/flowstate/requirements.md","2026-08-19T11:12:49"
"docs/research/2026-08-19-wiring-liquid-chest-member-coverage.md","N3","active","acceptance-evidence","research","docs/flowstate/requirements.md","2026-08-19T13:47:36"
"docs/research/2026-08-20-main-member-coverage-matrix.md","N3","active","acceptance-evidence","research","docs/flowstate/requirements.md","2026-08-25T03:20:18"
"docs/research/2026-08-20-main-tick-phase-coverage-matrix.md","N3","active","acceptance-evidence","research","docs/flowstate/requirements.md","2026-08-25T03:18:45"
"docs/research/2026-08-20-wld-header-disposition-matrix.md","N3","active","acceptance-evidence","research","docs/flowstate/requirements.md","2026-08-22T16:54:26"
"docs/research/2026-08-22-entity-event-lifecycle-gap-matrix.md","N3","active","acceptance-evidence","research","docs/flowstate/requirements.md","2026-08-22T20:05:13"
"docs/research/2026-08-22-fish-drop-rule-qualification-boundary.md","N3","active","decision","research","docs/flowstate/requirements.md","2026-08-22T14:42:14"
"docs/research/2026-08-22-initialize-almost-everything-owner-matrix.md","N3","active","acceptance-evidence","research","docs/flowstate/requirements.md","2026-08-22T17:18:28"
"docs/research/2026-08-22-initializer-responsibility-family-inventory.md","N3","active","decision","research","docs/flowstate/requirements.md","2026-08-22T19:59:35"
"docs/research/2026-08-22-leashed-entity-definition-boundary.md","N3","active","decision","research","docs/flowstate/requirements.md","2026-08-22T14:38:31"
"docs/research/2026-08-22-main-initialize-almost-everything-disposition.md","N3","active","decision","research","docs/flowstate/requirements.md","2026-08-22T08:39:45"
"docs/research/2026-08-22-main-meteor-global-rng-boundary.md","N3","active","decision","research","docs/flowstate/requirements.md","2026-08-22T14:11:27"
"docs/research/2026-08-22-main-queue-caller-inventory.md","N3","active","decision","research","docs/flowstate/requirements.md","2026-08-22T17:19:43"
"docs/research/2026-08-22-npc-interactions-qualification-boundary.md","N3","active","decision","research","docs/flowstate/requirements.md","2026-08-22T14:40:35"
"docs/research/2026-08-22-open-blocker-qualification-reaudit.md","N3","deferred","decision","research","docs/flowstate/requirements.md","2026-08-22T14:17:40"
"docs/research/2026-08-22-physical-deletion-enum-qualification.md","N3","active","decision","research","docs/flowstate/requirements.md","2026-08-22T17:33:09"
"docs/research/2026-08-22-tile-entity-definition-boundary.md","N3","active","decision","research","docs/flowstate/requirements.md","2026-08-22T14:36:54"
"docs/research/2026-08-22-torch-id-definition-boundary.md","N3","active","decision","research","docs/flowstate/requirements.md","2026-08-22T14:32:16"
"docs/research/2026-08-23-armor-set-qualification-boundary.md","N3","active","decision","research","docs/flowstate/requirements.md","2026-08-22T14:47:10"
"docs/research/2026-08-23-content-samples-item-repair-qualification.md","N3","active","decision","research","docs/flowstate/requirements.md","2026-08-22T14:52:39"
"docs/research/2026-08-23-delayed-process-contract-matrix.md","N3","active","acceptance-evidence","research","docs/flowstate/requirements.md","2026-08-22T17:19:43"
"docs/research/2026-08-23-item-new-item-qualification-boundary.md","N3","active","decision","research","docs/flowstate/requirements.md","2026-08-22T15:29:34"
"docs/research/2026-08-23-main-migration-batch-acceptance-review.md","N3","active","decision","research","docs/flowstate/requirements.md","2026-08-22T14:54:50"
"docs/research/2026-08-23-main-thread-action-contracts.md","N3","active","decision","research","docs/flowstate/requirements.md","2026-08-22T17:19:43"
"docs/research/2026-08-23-npc-death-loot-qualification-boundary.md","N3","active","decision","research","docs/flowstate/requirements.md","2026-08-22T15:34:20"
"docs/research/2026-08-23-npc-death-loot-restart-boundary.md","N3","active","decision","research","docs/flowstate/requirements.md","2026-08-22T15:43:17"
"docs/research/2026-08-23-npc-worm-segment-followup-boundary.md","N3","active","decision","research","docs/flowstate/requirements.md","2026-08-22T15:08:55"
"docs/research/2026-08-23-player-kill-respawn-boundary.md","N3","active","decision","research","docs/flowstate/requirements.md","2026-08-22T15:24:47"
"docs/research/2026-08-23-projectile-penetration-lifecycle-boundary.md","N3","active","decision","research","docs/flowstate/requirements.md","2026-08-22T15:19:16"
"docs/research/2026-08-23-shop-helper-qualification-boundary.md","N3","active","decision","research","docs/flowstate/requirements.md","2026-08-22T14:50:08"
"docs/research/2026-08-23-teleport-pylon-qualification-boundary.md","N3","active","decision","research","docs/flowstate/requirements.md","2026-08-22T14:51:16"
"docs/research/2026-08-23-tile-entity-authority-qualification.md","N3","active","decision","research","docs/flowstate/requirements.md","2026-08-22T23:58:47"
"docs/research/2026-08-24-delayed-process-caller-inventory.md","N3","active","decision","research","docs/flowstate/requirements.md","2026-08-22T17:19:43"
"docs/research/2026-08-24-entity-store-handle-boundary.md","N3","active","decision","research","docs/flowstate/requirements.md","2026-08-22T19:46:50"
"docs/research/2026-08-24-invasion-progress-clamp-boundary.md","N3","active","decision","research","docs/flowstate/requirements.md","2026-08-22T18:00:29"
"docs/research/2026-08-24-item-drop-position-boundary.md","N3","active","decision","research","docs/flowstate/requirements.md","2026-08-22T18:43:15"
"docs/research/2026-08-24-item-use-timer-clamp-boundary.md","N3","active","decision","research","docs/flowstate/requirements.md","2026-08-22T18:38:07"
"docs/research/2026-08-24-main-bootstrap-contract-boundary.md","N3","active","decision","research","docs/flowstate/requirements.md","2026-08-24T02:35:31"
"docs/research/2026-08-24-main-bootstrap-entity-limits-boundary.md","N3","active","decision","research","docs/flowstate/requirements.md","2026-08-24T07:18:35"
"docs/research/2026-08-24-main-cave-pass-schedule-registry-boundary.md","N3","active","decision","research","docs/flowstate/requirements.md","2026-08-24T11:52:26"
"docs/research/2026-08-24-main-clearability-registry-boundary.md","N3","active","decision","research","docs/flowstate/requirements.md","2026-08-24T12:15:50"
"docs/research/2026-08-24-main-clock-transition-boundary.md","N3","active","decision","research","docs/flowstate/requirements.md","2026-08-24T03:08:04"
"docs/research/2026-08-24-main-entity-capacity-boundary.md","N3","active","decision","research","docs/flowstate/requirements.md","2026-08-24T08:37:03"
"docs/research/2026-08-24-main-environment-transition-boundary.md","N3","active","decision","research","docs/flowstate/requirements.md","2026-08-25T21:40:10"
"docs/research/2026-08-24-main-final-gate-boundary.md","N3","active","acceptance-evidence","research","docs/flowstate/requirements.md","2026-08-25T14:37:17"
"docs/research/2026-08-24-main-framing-registry-boundary.md","N3","active","decision","research","docs/flowstate/requirements.md","2026-08-24T11:34:12"
"docs/research/2026-08-24-main-host-timing-boundary.md","N3","active","decision","research","docs/flowstate/requirements.md","2026-08-24T04:06:03"
"docs/research/2026-08-24-main-invasion-transition-boundary.md","N3","active","decision","research","docs/flowstate/requirements.md","2026-08-29T22:47:34"
"docs/research/2026-08-24-main-lantern-night-transition-boundary.md","N3","active","decision","research","docs/flowstate/requirements.md","2026-08-29T22:47:34"
"docs/research/2026-08-24-main-liquid-registry-boundary.md","N3","active","decision","research","docs/flowstate/requirements.md","2026-08-24T09:00:56"
"docs/research/2026-08-24-main-meteor-transition-boundary.md","N3","active","decision","research","docs/flowstate/requirements.md","2026-08-29T22:47:35"
"docs/research/2026-08-24-main-progression-transition-boundary.md","N3","deferred","decision","research","docs/flowstate/requirements.md","2026-08-29T22:47:35"
"docs/research/2026-08-24-main-projectile-registry-boundary.md","N3","active","decision","research","docs/flowstate/requirements.md","2026-08-24T07:53:25"
"docs/research/2026-08-24-main-slime-rain-transition-boundary.md","N3","active","decision","research","docs/flowstate/requirements.md","2026-08-29T22:47:36"
"docs/research/2026-08-24-main-solidity-override-registry-boundary.md","N3","active","decision","research","docs/flowstate/requirements.md","2026-08-25T14:54:49"
"docs/research/2026-08-24-main-thread-action-caller-inventory.md","N3","active","decision","research","docs/flowstate/requirements.md","2026-08-22T17:19:43"
"docs/research/2026-08-24-main-tick-order-reconciliation.md","N3","active","decision","research","docs/flowstate/requirements.md","2026-08-22T16:24:42"
"docs/research/2026-08-24-main-tick-trace-boundary.md","N3","active","decision","research","docs/flowstate/requirements.md","2026-08-24T02:52:03"
"docs/research/2026-08-24-main-tile-registry-boundary.md","N3","active","decision","research","docs/flowstate/requirements.md","2026-08-24T09:16:02"
"docs/research/2026-08-24-main-tile-runner-loop-registry-boundary.md","N3","active","decision","research","docs/flowstate/requirements.md","2026-08-24T12:03:39"
"docs/research/2026-08-24-main-tile-runner-recipe-registry-boundary.md","N3","active","decision","research","docs/flowstate/requirements.md","2026-08-24T11:58:04"
"docs/research/2026-08-24-main-tile-runner-threshold-registry-boundary.md","N3","active","decision","research","docs/flowstate/requirements.md","2026-08-24T12:11:57"
"docs/research/2026-08-24-main-torch-registry-boundary.md","N3","active","decision","research","docs/flowstate/requirements.md","2026-08-24T11:21:57"
"docs/research/2026-08-24-main-town-achievement-registry-boundary.md","N3","active","decision","research","docs/flowstate/requirements.md","2026-08-24T12:20:40"
"docs/research/2026-08-24-main-tree-canopy-registry-boundary.md","N3","active","decision","research","docs/flowstate/requirements.md","2026-08-24T12:36:46"
"docs/research/2026-08-24-main-tree-profile-registry-boundary.md","N3","active","decision","research","docs/flowstate/requirements.md","2026-08-24T11:39:13"
"docs/research/2026-08-24-main-world-generation-order-registry-boundary.md","N3","active","decision","research","docs/flowstate/requirements.md","2026-08-24T11:45:16"
"docs/research/2026-08-24-main-worldobject-registry-boundary.md","N3","active","decision","research","docs/flowstate/requirements.md","2026-08-24T08:23:11"
"docs/research/2026-08-24-npc-behavior-family-matrix.csv","N3","active","acceptance-evidence","research","docs/flowstate/requirements.md","2026-08-24T08:18:25"
"docs/research/2026-08-24-npc-behavior-input-boundary.md","N3","active","decision","research","docs/flowstate/requirements.md","2026-08-22T19:22:14"
"docs/research/2026-08-24-npc-behavior-registry-boundary.md","N3","active","decision","research","docs/flowstate/requirements.md","2026-08-24T06:55:31"
"docs/research/2026-08-24-npc-contact-faction-boundary.md","N3","active","decision","research","docs/flowstate/requirements.md","2026-08-24T03:14:00"
"docs/research/2026-08-24-npc-contact-input-boundary.md","N3","active","decision","research","docs/flowstate/requirements.md","2026-08-22T19:24:56"
"docs/research/2026-08-24-npc-death-input-boundary.md","N3","active","decision","research","docs/flowstate/requirements.md","2026-08-22T18:40:33"
"docs/research/2026-08-24-npc-death-tick-order-boundary.md","N3","active","decision","research","docs/flowstate/requirements.md","2026-08-22T15:48:39"
"docs/research/2026-08-24-npc-definition-input-boundary.md","N3","active","decision","research","docs/flowstate/requirements.md","2026-08-24T09:01:23"
"docs/research/2026-08-24-npc-escape-despawn-boundary.md","N3","active","decision","research","docs/flowstate/requirements.md","2026-08-24T09:08:06"
"docs/research/2026-08-24-npc-event-spawn-boundary.md","N3","active","decision","research","docs/flowstate/requirements.md","2026-08-24T03:00:49"
"docs/research/2026-08-24-npc-floating-eye-behavior-boundary.md","N3","active","decision","research","docs/flowstate/requirements.md","2026-08-24T02:51:59"
"docs/research/2026-08-24-npc-floating-eye-protocol-boundary.md","N3","active","decision","research","docs/flowstate/requirements.md","2026-08-24T03:44:43"
"docs/research/2026-08-24-npc-interaction-authority-boundary.md","N3","active","decision","research","docs/flowstate/requirements.md","2026-08-24T09:10:15"
"docs/research/2026-08-24-npc-loot-command-boundary.md","N3","active","decision","research","docs/flowstate/requirements.md","2026-08-24T09:14:14"
"docs/research/2026-08-24-npc-migration-source-manifest.md","N3","active","acceptance-evidence","research","docs/flowstate/requirements.md","2026-08-24T07:13:12"
"docs/research/2026-08-24-npc-movement-identity-boundary.md","N3","active","decision","research","docs/flowstate/requirements.md","2026-08-22T19:27:57"
"docs/research/2026-08-24-npc-player-readiness-boundary.md","N3","active","decision","research","docs/flowstate/requirements.md","2026-08-22T17:14:38"
"docs/research/2026-08-24-npc-ranged-cooldown-boundary.md","N3","active","decision","research","docs/flowstate/requirements.md","2026-08-24T08:18:25"
"docs/research/2026-08-24-npc-segment-follow-boundary.md","N3","active","decision","research","docs/flowstate/requirements.md","2026-08-24T07:10:22"
"docs/research/2026-08-24-npc-segment-index-boundary.md","N3","active","decision","research","docs/flowstate/requirements.md","2026-08-24T03:25:14"
"docs/research/2026-08-24-npc-server-persistence-boundary.md","N3","active","decision","research","docs/flowstate/requirements.md","2026-08-24T06:21:44"
"docs/research/2026-08-24-npc-spawn-commit-input-boundary.md","N3","active","decision","research","docs/flowstate/requirements.md","2026-08-24T03:36:00"
"docs/research/2026-08-24-npc-spawn-position-boundary.md","N3","active","decision","research","docs/flowstate/requirements.md","2026-08-22T19:30:40"
"docs/research/2026-08-24-npc-talk-authority-boundary.md","N3","active","decision","research","docs/flowstate/requirements.md","2026-08-22T17:35:30"
"docs/research/2026-08-24-npc-target-input-boundary.md","N3","active","decision","research","docs/flowstate/requirements.md","2026-08-22T19:07:27"
"docs/research/2026-08-24-npc-target-routing-boundary.md","N3","active","decision","research","docs/flowstate/requirements.md","2026-08-22T19:13:06"
"docs/research/2026-08-24-npc-timeleft-boundary.md","N3","active","decision","research","docs/flowstate/requirements.md","2026-08-22T18:25:57"
"docs/research/2026-08-24-npc-valid-target-ghost-boundary.md","N3","active","decision","research","docs/flowstate/requirements.md","2026-08-22T17:33:04"
"docs/research/2026-08-24-player-facing-input-boundary.md","N3","active","decision","research","docs/flowstate/requirements.md","2026-08-22T17:55:05"
"docs/research/2026-08-24-player-input-envelope-boundary.md","N3","active","decision","research","docs/flowstate/requirements.md","2026-08-22T17:49:05"
"docs/research/2026-08-24-player-lifecycle-identity-boundary.md","N3","active","decision","research","docs/flowstate/requirements.md","2026-08-22T19:39:43"
"docs/research/2026-08-24-player-respawn-tick-clamp-boundary.md","N3","active","decision","research","docs/flowstate/requirements.md","2026-08-22T18:29:29"
"docs/research/2026-08-24-player-respawn-timer-boundary.md","N3","active","decision","research","docs/flowstate/requirements.md","2026-08-22T18:10:29"
"docs/research/2026-08-24-projectile-definition-registry-boundary.md","N3","active","decision","research","docs/flowstate/requirements.md","2026-08-22T19:55:03"
"docs/research/2026-08-24-projectile-friendly-target-boundary.md","N3","active","decision","research","docs/flowstate/requirements.md","2026-08-22T17:39:39"
"docs/research/2026-08-24-projectile-hostile-player-boundary.md","N3","active","decision","research","docs/flowstate/requirements.md","2026-08-22T17:42:32"
"docs/research/2026-08-24-projectile-identity-boundary.md","N3","active","decision","research","docs/flowstate/requirements.md","2026-08-22T19:32:53"
"docs/research/2026-08-24-projectile-lifecycle-gap-and-implementation-design.md","N3","active","decision","research","docs/flowstate/requirements.md","2026-08-28T03:08:43"
"docs/research/2026-08-24-projectile-lifetime-domain-boundary.md","N3","active","decision","research","docs/flowstate/requirements.md","2026-08-22T18:36:07"
"docs/research/2026-08-24-projectile-motion-input-boundary.md","N3","active","decision","research","docs/flowstate/requirements.md","2026-08-22T19:18:52"
"docs/research/2026-08-24-projectile-penetration-domain-boundary.md","N3","active","decision","research","docs/flowstate/requirements.md","2026-08-22T18:34:24"
"docs/research/2026-08-24-projectile-replication-identity-boundary.md","N3","active","decision","research","docs/flowstate/requirements.md","2026-08-22T19:34:59"
"docs/research/2026-08-24-projectile-replication-scalar-boundary.md","N3","active","decision","research","docs/flowstate/requirements.md","2026-08-22T19:44:34"
"docs/research/2026-08-24-projectile-spawn-input-boundary.md","N3","active","decision","research","docs/flowstate/requirements.md","2026-08-22T19:42:12"
"docs/research/2026-08-24-projectile-tile-stop-boundary.md","N3","active","decision","research","docs/flowstate/requirements.md","2026-08-22T15:46:23"
"docs/research/2026-08-24-secret-seed-rain-repair-boundary.md","N3","active","decision","research","docs/flowstate/requirements.md","2026-08-22T16:59:11"
"docs/research/2026-08-24-tile-sequence-overflow-boundary.md","N3","active","decision","research","docs/flowstate/requirements.md","2026-08-22T19:49:51"
"docs/research/2026-08-24-v1456-angler-quest-boundary.md","N3","active","decision","research","docs/flowstate/requirements.md","2026-08-24T03:26:28"
"docs/research/2026-08-24-v1456-angler-quest-finished-boundary.md","N3","active","decision","research","docs/flowstate/requirements.md","2026-08-24T03:32:57"
"docs/research/2026-08-24-v1456-bug-catching-boundary.md","N3","active","decision","research","docs/flowstate/requirements.md","2026-08-24T04:04:56"
"docs/research/2026-08-24-v1456-bug-releasing-boundary.md","N3","active","decision","research","docs/flowstate/requirements.md","2026-08-24T04:08:03"
"docs/research/2026-08-24-v1456-chest-name-boundary.md","N3","active","decision","research","docs/flowstate/requirements.md","2026-08-24T03:48:34"
"docs/research/2026-08-24-v1456-combat-text-int-boundary.md","N3","active","decision","research","docs/flowstate/requirements.md","2026-08-24T03:16:06"
"docs/research/2026-08-24-v1456-combat-text-string-boundary.md","N3","active","decision","research","docs/flowstate/requirements.md","2026-08-24T12:10:53"
"docs/research/2026-08-24-v1456-crystal-invasion-send-wait-time-boundary.md","N3","active","decision","research","docs/flowstate/requirements.md","2026-08-24T12:00:43"
"docs/research/2026-08-24-v1456-crystal-invasion-start-boundary.md","N3","active","decision","research","docs/flowstate/requirements.md","2026-08-24T11:24:06"
"docs/research/2026-08-24-v1456-crystal-invasion-wipe-boundary.md","N3","active","decision","research","docs/flowstate/requirements.md","2026-08-24T11:29:10"
"docs/research/2026-08-24-v1456-emoji-boundary.md","N3","active","decision","research","docs/flowstate/requirements.md","2026-08-24T12:12:56"
"docs/research/2026-08-24-v1456-gem-lock-toggle-boundary.md","N3","active","decision","research","docs/flowstate/requirements.md","2026-08-24T08:14:52"
"docs/research/2026-08-24-v1456-invasion-progress-report-boundary.md","N3","active","decision","research","docs/flowstate/requirements.md","2026-08-24T03:09:33"
"docs/research/2026-08-24-v1456-mass-wire-operation-boundary.md","N3","active","decision","research","docs/flowstate/requirements.md","2026-08-24T09:08:52"
"docs/research/2026-08-24-v1456-mass-wire-operation-pay-boundary.md","N3","active","decision","research","docs/flowstate/requirements.md","2026-08-24T09:15:33"
"docs/research/2026-08-24-v1456-minion-attack-target-update-boundary.md","N3","active","decision","research","docs/flowstate/requirements.md","2026-08-24T11:54:31"
"docs/research/2026-08-24-v1456-minion-rest-target-update-boundary.md","N3","active","decision","research","docs/flowstate/requirements.md","2026-08-24T07:12:14"
"docs/research/2026-08-24-v1456-moonlord-horror-boundary.md","N3","active","decision","research","docs/flowstate/requirements.md","2026-08-24T07:54:59"
"docs/research/2026-08-24-v1456-nebula-levelup-request-boundary.md","N3","active","decision","research","docs/flowstate/requirements.md","2026-08-24T07:40:42"
"docs/research/2026-08-24-v1456-player-death-v2-boundary.md","N3","active","decision","research","docs/flowstate/requirements.md","2026-08-24T12:08:40"
"docs/research/2026-08-24-v1456-player-heal-other-boundary.md","N3","active","decision","research","docs/flowstate/requirements.md","2026-08-24T06:08:24"
"docs/research/2026-08-24-v1456-player-hurt-v2-boundary.md","N3","active","decision","research","docs/flowstate/requirements.md","2026-08-24T12:05:13"
"docs/research/2026-08-24-v1456-player-stealth-boundary.md","N3","active","decision","research","docs/flowstate/requirements.md","2026-08-24T06:35:48"
"docs/research/2026-08-24-v1456-poof-of-smoke-boundary.md","N3","active","decision","research","docs/flowstate/requirements.md","2026-08-24T08:27:41"
"docs/research/2026-08-24-v1456-quests-count-sync-boundary.md","N3","active","decision","research","docs/flowstate/requirements.md","2026-08-24T03:22:53"
"docs/research/2026-08-24-v1456-request-teleportation-by-server-boundary.md","N3","active","decision","research","docs/flowstate/requirements.md","2026-08-24T03:35:14"
"docs/research/2026-08-24-v1456-request-tile-entity-interaction-boundary.md","N3","active","decision","research","docs/flowstate/requirements.md","2026-08-24T12:17:39"
"docs/research/2026-08-24-v1456-shop-override-boundary.md","N3","active","decision","research","docs/flowstate/requirements.md","2026-08-24T08:38:30"
"docs/research/2026-08-24-v1456-special-fx-boundary.md","N3","active","decision","research","docs/flowstate/requirements.md","2026-08-24T09:19:47"
"docs/research/2026-08-24-v1456-sync-extra-value-boundary.md","N3","active","decision","research","docs/flowstate/requirements.md","2026-08-24T06:56:48"
"docs/research/2026-08-24-v1456-sync-player-chest-index-boundary.md","N3","active","decision","research","docs/flowstate/requirements.md","2026-08-24T03:12:40"
"docs/research/2026-08-24-v1456-sync-player-chest-location-boundary.md","N3","active","decision","research","docs/flowstate/requirements.md","2026-08-24T12:25:09"
"docs/research/2026-08-24-v1456-te-display-doll-data-sync-boundary.md","N3","active","decision","research","docs/flowstate/requirements.md","2026-08-24T12:14:36"
"docs/research/2026-08-24-v1456-te-hat-rack-item-sync-boundary.md","N3","active","decision","research","docs/flowstate/requirements.md","2026-08-24T12:22:56"
"docs/research/2026-08-24-v1456-teleport-entity-boundary.md","N3","active","decision","research","docs/flowstate/requirements.md","2026-08-24T05:58:09"
"docs/research/2026-08-24-v1456-teleport-npc-through-portal-boundary.md","N3","active","decision","research","docs/flowstate/requirements.md","2026-08-24T07:22:06"
"docs/research/2026-08-24-v1456-teleport-player-through-portal-boundary.md","N3","active","decision","research","docs/flowstate/requirements.md","2026-08-24T07:04:55"
"docs/research/2026-08-24-v1456-temporary-animation-boundary.md","N3","active","decision","research","docs/flowstate/requirements.md","2026-08-24T03:20:35"
"docs/research/2026-08-24-v1456-travel-merchant-items-boundary.md","N3","active","decision","research","docs/flowstate/requirements.md","2026-08-24T04:01:14"
"docs/research/2026-08-24-v1456-unused-67-boundary.md","N3","active","decision","research","docs/flowstate/requirements.md","2026-08-24T06:13:54"
"docs/research/2026-08-24-v1456-weapons-rack-try-placing-boundary.md","N3","active","decision","research","docs/flowstate/requirements.md","2026-08-24T12:19:25"
"docs/research/2026-08-24-v1456-wired-cannon-shot-boundary.md","N3","active","decision","research","docs/flowstate/requirements.md","2026-08-24T08:57:52"
"docs/research/2026-08-24-wld-generator-version-boundary.md","N3","active","decision","research","docs/flowstate/requirements.md","2026-08-22T16:17:03"
"docs/research/2026-08-24-wld-ore-tier-qualification-boundary.md","N3","active","decision","research","docs/flowstate/requirements.md","2026-08-22T16:20:45"
"docs/research/2026-08-24-wld-seed-text-qualification-boundary.md","N3","active","decision","research","docs/flowstate/requirements.md","2026-08-22T16:54:26"
"docs/research/2026-08-24-wld-uuid-identity-boundary.md","N3","active","decision","research","docs/flowstate/requirements.md","2026-08-22T16:40:33"
"docs/research/2026-08-24-world-item-owner-reservation-boundary.md","N3","active","decision","research","docs/flowstate/requirements.md","2026-08-22T17:19:20"
"docs/research/2026-08-24-world-item-pickup-position-boundary.md","N3","active","decision","research","docs/flowstate/requirements.md","2026-08-22T19:16:00"
"docs/research/2026-08-24-world-item-player-identity-boundary.md","N3","active","decision","research","docs/flowstate/requirements.md","2026-08-22T18:46:48"
"docs/research/2026-08-24-world-item-reservation-persistence-boundary.md","N3","active","decision","research","docs/flowstate/requirements.md","2026-08-22T17:25:30"
"docs/research/2026-08-24-world-item-shimmer-pickup-boundary.md","N3","active","decision","research","docs/flowstate/requirements.md","2026-08-22T17:29:01"
"docs/research/2026-08-24-world-item-stack-geometry-boundary.md","N3","active","decision","research","docs/flowstate/requirements.md","2026-08-22T18:56:09"
"docs/research/2026-08-24-world-item-stack-merge-boundary.md","N3","active","decision","research","docs/flowstate/requirements.md","2026-08-22T15:51:52"
"docs/research/2026-08-24-world-item-store-owner-boundary.md","N3","active","decision","research","docs/flowstate/requirements.md","2026-08-22T19:37:07"
"docs/research/2026-08-24-world-item-store-position-boundary.md","N3","active","decision","research","docs/flowstate/requirements.md","2026-08-22T19:52:44"
"docs/research/2026-08-25-main-2x1-table-support-registry-boundary.md","N3","active","decision","research","docs/flowstate/requirements.md","2026-08-25T02:52:37"
"docs/research/2026-08-25-main-2x2-deferred-registry-boundary.md","N3","deferred","decision","research","docs/flowstate/requirements.md","2026-08-25T03:14:45"
"docs/research/2026-08-25-main-2xx-top-support-registry-boundary.md","N3","active","decision","research","docs/flowstate/requirements.md","2026-08-25T02:42:15"
"docs/research/2026-08-25-main-3x2-deferred-registry-boundary.md","N3","deferred","decision","research","docs/flowstate/requirements.md","2026-08-25T03:06:01"
"docs/research/2026-08-25-main-3x3-bottom-support-registry-boundary.md","N3","active","decision","research","docs/flowstate/requirements.md","2026-08-25T02:59:22"
"docs/research/2026-08-25-main-meteor-protected-registry-boundary.md","N3","active","decision","research","docs/flowstate/requirements.md","2026-08-25T02:06:02"
"docs/research/2026-08-25-main-non-sloping-tile-registry-boundary.md","N3","active","decision","research","docs/flowstate/requirements.md","2026-08-25T02:35:29"
"docs/research/2026-08-25-main-ordinary-tree-ground-registry-boundary.md","N3","active","decision","research","docs/flowstate/requirements.md","2026-08-25T02:14:55"
"docs/research/2026-08-25-main-platform-support-registry-boundary.md","N3","active","decision","research","docs/flowstate/requirements.md","2026-08-25T02:38:31"
"docs/research/2026-08-25-main-pounding-registry-boundary.md","N3","active","decision","research","docs/flowstate/requirements.md","2026-08-25T02:45:33"
"docs/research/2026-08-25-main-rope-tile-registry-boundary.md","N3","active","decision","research","docs/flowstate/requirements.md","2026-08-25T02:11:07"
"docs/research/2026-08-25-main-tree-frame-ground-registry-boundary.md","N3","active","decision","research","docs/flowstate/requirements.md","2026-08-25T03:09:00"
"docs/research/2026-08-25-main-vine-registry-boundary.md","N3","active","decision","research","docs/flowstate/requirements.md","2026-08-25T03:25:12"
"docs/research/2026-08-25-main-wiring-actuation-registry-boundary.md","N3","active","decision","research","docs/flowstate/requirements.md","2026-08-25T02:01:35"
"docs/research/2026-08-25-main-wiring-boulder-registry-boundary.md","N3","active","decision","research","docs/flowstate/requirements.md","2026-08-25T01:53:54"
"docs/research/2026-08-25-main-wiring-breakability-registry-boundary.md","N3","active","decision","research","docs/flowstate/requirements.md","2026-08-25T01:49:12"
"docs/research/2026-08-25-main-wiring-special-protection-registry-boundary.md","N3","active","decision","research","docs/flowstate/requirements.md","2026-08-25T02:01:35"
"docs/research/2026-08-25-v1456-land-golf-ball-in-cup-boundary.md","N3","active","decision","research","docs/flowstate/requirements.md","2026-08-24T12:33:58"
"docs/research/2026-08-25-v1456-remove-revenge-marker-boundary.md","N3","active","decision","research","docs/flowstate/requirements.md","2026-08-24T12:31:40"
"docs/research/2026-08-25-v1456-sync-revenge-marker-boundary.md","N3","active","decision","research","docs/flowstate/requirements.md","2026-08-24T12:29:03"
"docs/research/2026-08-27-main-boulder-registry-boundary.md","N3","active","decision","research","docs/flowstate/requirements.md","2026-08-25T13:41:28"
"docs/research/2026-08-27-main-cactus-ground-registry-boundary.md","N3","active","decision","research","docs/flowstate/requirements.md","2026-08-25T13:04:14"
"docs/research/2026-08-27-main-common-sapling-registry-boundary.md","N3","active","decision","research","docs/flowstate/requirements.md","2026-08-25T14:37:17"
"docs/research/2026-08-27-main-conversion-sand-registry-boundary.md","N3","active","decision","research","docs/flowstate/requirements.md","2026-08-25T13:24:59"
"docs/research/2026-08-27-main-pumpkin-support-registry-boundary.md","N3","active","decision","research","docs/flowstate/requirements.md","2026-08-25T13:09:40"
"docs/research/2026-08-27-main-room-needs-registry-boundary.md","N3","active","decision","research","docs/flowstate/requirements.md","2026-08-25T13:49:54"
"docs/research/2026-08-27-main-tile136-support-registries-boundary.md","N3","active","decision","research","docs/flowstate/requirements.md","2026-08-25T13:35:33"
"docs/research/2026-08-27-main-tree-leaf-checked-type-registry-boundary.md","N3","active","decision","research","docs/flowstate/requirements.md","2026-08-25T13:29:28"
"docs/research/2026-08-27-main-tree-leaf-pass-style-registry-boundary.md","N3","active","decision","research","docs/flowstate/requirements.md","2026-08-25T03:31:57"
"docs/research/2026-08-27-main-tree-trunk-registry-centralization.md","N3","active","decision","research","docs/flowstate/requirements.md","2026-08-25T14:10:47"
"docs/research/2026-08-28-field-property-migration-comparison.md","N3","active","decision","research","docs/flowstate/requirements.md","2026-08-28T17:04:06"
"docs/research/2026-08-28-framework-migration-comparison.md","N3","active","decision","research","docs/flowstate/requirements.md","2026-08-28T16:19:13"
"docs/research/2026-08-28-main-coating-color-registry-boundary.md","N3","active","decision","research","docs/flowstate/requirements.md","2026-08-25T21:48:08"
"docs/research/2026-08-28-main-paint-color-registry-boundary.md","N3","active","decision","research","docs/flowstate/requirements.md","2026-08-25T21:45:17"
"docs/research/2026-08-28-npc-given-name-persistence-boundary.md","N3","active","decision","research","docs/flowstate/requirements.md","2026-08-28T18:54:10"
"docs/research/2026-08-28-player-field-property-migration.md","N3","active","decision","research","docs/flowstate/requirements.md","2026-08-28T17:34:49"
"docs/research/2026-08-28-projectile-field-property-ecs-migration.md","N3","active","decision","research","docs/flowstate/requirements.md","2026-08-28T18:04:30"
"docs/research/2026-08-29-main-hollow-tree-style-registry-boundary.md","N3","active","decision","research","docs/flowstate/requirements.md","2026-08-25T21:59:10"
"docs/research/2026-08-29-main-moss-color-registry-boundary.md","N3","active","decision","research","docs/flowstate/requirements.md","2026-08-25T21:55:23"
"docs/research/2026-08-29-main-tile-category-registry-boundary.md","N3","active","decision","research","docs/flowstate/requirements.md","2026-08-25T22:10:34"
"docs/research/2026-08-30-npc-checkactive-deactivation-owner.md","N3","active","decision","research","docs/flowstate/requirements.md","2026-08-30T17:24:17"
"docs/research/2026-08-30-npc-checkactive-keepalive-owner.md","N3","active","decision","research","docs/flowstate/requirements.md","2026-08-30T15:29:09"
"docs/research/2026-08-30-npc-checkactive-pixel-range-owner.md","N3","active","decision","research","docs/flowstate/requirements.md","2026-08-30T11:50:42"
"docs/research/2026-08-30-npc-checkactive-player-range-boundary.md","N3","active","decision","research","docs/flowstate/requirements.md","2026-08-30T07:43:09"
"docs/research/2026-08-30-npc-checkactive-slot-contribution-owner.md","N3","active","decision","research","docs/flowstate/requirements.md","2026-08-30T12:34:05"
"docs/research/2026-08-30-npc-checkactive-timer-refresh-owner.md","N3","active","decision","research","docs/flowstate/requirements.md","2026-08-30T16:32:44"
"docs/research/2026-08-30-npc-checkactive-worm-segment-owner.md","N3","active","decision","research","docs/flowstate/requirements.md","2026-08-30T23:05:43"
"docs/research/2026-08-30-npc-checkdead-special-transition-owner.md","N3","active","decision","research","docs/flowstate/requirements.md","2026-08-30T23:56:18"
"docs/research/2026-08-30-npc-inactivity-lifecycle-boundary.md","N3","active","decision","research","docs/flowstate/requirements.md","2026-08-30T06:12:18"
"docs/research/2026-08-30-npc-town-inactivity-lifecycle-boundary.md","N3","active","decision","research","docs/flowstate/requirements.md","2026-08-30T07:13:34"
"docs/research/2026-08-30-npc-type690-inactivity-boundary.md","N3","active","decision","research","docs/flowstate/requirements.md","2026-08-30T06:40:27"
"docs/research/2026-08-30-worldgen-clay-boundary.md","N3","active","decision","research","docs/flowstate/requirements.md","2026-08-30T18:15:10"
"docs/research/2026-08-30-worldgen-dirt-in-rocks-boundary.md","N3","active","decision","research","docs/flowstate/requirements.md","2026-08-30T18:07:06"
"docs/research/2026-08-30-worldgen-dirt-layer-caves-boundary.md","N3","active","decision","research","docs/flowstate/requirements.md","2026-08-30T15:30:11"
"docs/research/2026-08-30-worldgen-rock-layer-caves-boundary.md","N3","active","decision","research","docs/flowstate/requirements.md","2026-08-30T20:53:58"
"docs/research/2026-08-30-worldgen-rocks-in-dirt-boundary.md","N3","active","decision","research","docs/flowstate/requirements.md","2026-08-30T14:12:43"
"docs/research/2026-08-30-worldgen-surface-caves-boundary.md","N3","active","decision","research","docs/flowstate/requirements.md","2026-08-31T00:56:04"
"docs/research/2026-08-31-main-invasion-progress-wave.md","N3","active","decision","research","docs/flowstate/requirements.md","2026-08-31T18:44:12"
"docs/research/2026-08-31-npc-checkdead-goodworld-projectile-owner.md","N3","active","decision","research","docs/flowstate/requirements.md","2026-08-31T00:39:03"
"docs/research/2026-08-31-npc-checkdead-invasion-progress-command-owner.md","N3","active","decision","research","docs/flowstate/requirements.md","2026-08-31T01:08:48"
"docs/research/2026-08-31-npc-checkdead-invasion-progress-owner.md","N3","active","decision","research","docs/flowstate/requirements.md","2026-08-31T00:25:02"
"docs/research/2026-08-31-npc-checkdead-spawn-cycle-owner.md","N3","active","decision","research","docs/flowstate/requirements.md","2026-08-31T00:34:22"
"docs/research/2026-08-31-npc-death-invasion-progress-pipeline-owner.md","N3","active","decision","research","docs/flowstate/requirements.md","2026-08-31T01:15:11"
"docs/research/2026-08-31-npc-invasion-group-registry-owner.md","N3","active","decision","research","docs/flowstate/requirements.md","2026-08-31T00:51:39"
"docs/research/2026-08-31-npc-tombstone-projectile-type-owner.md","N3","active","decision","research","docs/flowstate/requirements.md","2026-08-31T00:54:57"
"docs/research/2026-08-31-worldgen-corruption-crimson-boundary.md","N3","active","decision","research","docs/flowstate/requirements.md","2026-08-31T05:06:54"
"docs/research/2026-08-31-worldgen-desert-placement-selector.md","N3","active","decision","research","docs/flowstate/requirements.md","2026-08-31T03:06:48"
"docs/research/2026-08-31-worldgen-dunes-candidate-retry-boundary.md","N3","active","decision","research","docs/flowstate/requirements.md","2026-08-31T15:26:33"
"docs/research/2026-08-31-worldgen-dunes-pyramid-gate.md","N3","active","acceptance-evidence","research","docs/flowstate/requirements.md","2026-08-31T15:26:33"
"docs/research/2026-08-31-worldgen-dungeon-desert-cleanup.md","N3","active","decision","research","docs/flowstate/requirements.md","2026-08-31T11:46:02"
"docs/research/2026-08-31-worldgen-dungeon-entrance-anchor.md","N3","active","decision","research","docs/flowstate/requirements.md","2026-08-31T11:19:56"
"docs/research/2026-08-31-worldgen-dungeon-placement.md","N3","active","decision","research","docs/flowstate/requirements.md","2026-08-31T11:30:52"
"docs/research/2026-08-31-worldgen-error-world-pyramid-candidate.md","N3","active","decision","research","docs/flowstate/requirements.md","2026-08-31T15:55:28"
"docs/research/2026-08-31-worldgen-error-world-pyramid-scan.md","N3","active","decision","research","docs/flowstate/requirements.md","2026-08-31T16:06:07"
"docs/research/2026-08-31-worldgen-gems-primary-loop.md","N3","active","decision","research","docs/flowstate/requirements.md","2026-08-31T11:07:42"
"docs/research/2026-08-31-worldgen-glowing-mushroom-boundary.md","N3","active","decision","research","docs/flowstate/requirements.md","2026-08-31T03:24:32"
"docs/research/2026-08-31-worldgen-grass-boundary.md","N3","active","decision","research","docs/flowstate/requirements.md","2026-08-31T02:58:50"
"docs/research/2026-08-31-worldgen-ice-biome-boundary.md","N3","active","decision","research","docs/flowstate/requirements.md","2026-08-31T02:47:27"
"docs/research/2026-08-31-worldgen-ocean-sand-boundary.md","N3","active","decision","research","docs/flowstate/requirements.md","2026-08-31T15:46:24"
"docs/research/2026-08-31-worldgen-ores-profile-ranges.md","N3","active","decision","research","docs/flowstate/requirements.md","2026-08-31T03:53:02"
"docs/research/2026-08-31-worldgen-ores-random-order.md","N3","active","decision","research","docs/flowstate/requirements.md","2026-08-31T03:36:55"
"docs/research/2026-08-31-worldgen-ores-scheduler.md","N3","active","decision","research","docs/flowstate/requirements.md","2026-08-31T03:43:55"
"docs/research/2026-08-31-worldgen-pyramid-candidate-boundary.md","N3","active","decision","research","docs/flowstate/requirements.md","2026-08-31T15:32:29"
"docs/research/2026-08-31-worldgen-pyramid-footprint-mutation.md","N3","active","decision","research","docs/flowstate/requirements.md","2026-08-31T17:52:05"
"docs/research/2026-08-31-worldgen-pyramid-pre-mutation-eligibility.md","N3","active","decision","research","docs/flowstate/requirements.md","2026-08-31T17:37:58"
"docs/research/2026-08-31-worldgen-pyramid-structure-contract.md","N3","active","decision","research","docs/flowstate/requirements.md","2026-08-31T16:54:43"
"docs/research/2026-08-31-worldgen-pyramid-tunnel-opening.md","N3","deferred","decision","research","docs/flowstate/requirements.md","2026-08-31T23:03:23"
"docs/research/2026-08-31-worldgen-pyramid-wall-frame-evaluation-boundary.md","N3","active","decision","research","docs/flowstate/requirements.md","2026-08-31T21:45:33"
"docs/research/2026-08-31-worldgen-pyramid-wall-frame-neighbor-boundary.md","N3","active","decision","research","docs/flowstate/requirements.md","2026-08-31T19:03:16"
"docs/research/2026-08-31-worldgen-pyramid-wall-framing-boundary.md","N3","active","decision","research","docs/flowstate/requirements.md","2026-08-31T18:25:26"
"docs/research/2026-08-31-worldgen-sand-patches-boundary.md","N3","active","decision","research","docs/flowstate/requirements.md","2026-08-31T18:05:09"
"docs/research/2026-08-31-worldgen-silt-dual-band.md","N3","active","decision","research","docs/flowstate/requirements.md","2026-08-31T03:30:09"
"docs/research/2026-08-31-worldgen-surface-desert-pyramid-candidate.md","N3","active","decision","research","docs/flowstate/requirements.md","2026-08-31T15:48:03"
"docs/research/2026-08-31-worldgen-tunnels-boundary.md","N3","active","decision","research","docs/flowstate/requirements.md","2026-08-31T02:37:16"
"docs/research/2026-08-31-worldgen-underworld-surface-policy.md","N3","active","decision","research","docs/flowstate/requirements.md","2026-08-31T05:20:20"
"docs/research/2026-08-31-worldgen-wavy-caves-boundary.md","N3","active","decision","research","docs/flowstate/requirements.md","2026-08-31T02:47:21"
"docs/research/2026-08-31-worldgen-webs-invocation-boundary.md","N3","active","decision","research","docs/flowstate/requirements.md","2026-08-31T03:08:50"
"docs/research/2026-08-31-worldgen-webs-pipeline.md","N3","active","decision","research","docs/flowstate/requirements.md","2026-08-31T04:06:48"
"docs/server-completion/2026-08-15-initial-world-section-recovery.md","N6","active","acceptance-evidence","server-completion","docs/flowstate/dod-checklist.md","2026-08-15T11:46:50"
"docs/server-completion/2026-08-15-legacy-connection-equipment-projection-recovery.md","N6","active","acceptance-evidence","server-completion","docs/flowstate/dod-checklist.md","2026-08-15T14:10:19"
"docs/server-completion/2026-08-16-dome-full-client-packet-trace.md","N6","active","acceptance-evidence","server-completion","docs/flowstate/dod-checklist.md","2026-08-16T14:59:43"
"docs/server-completion/2026-08-16-full-client-server-packet-statistics.md","N6","active","acceptance-evidence","server-completion","docs/flowstate/dod-checklist.md","2026-08-16T14:52:34"
"docs/server-completion/2026-08-16-full-client-server-packet-trace.md","N6","active","acceptance-evidence","server-completion","docs/flowstate/dod-checklist.md","2026-08-16T07:02:12"
"docs/server-completion/2026-08-16-full-client-world-entry-communication-recovery.md","N6","active","acceptance-evidence","server-completion","docs/flowstate/dod-checklist.md","2026-08-16T00:27:36"
"docs/server-completion/capability-matrix.md","N6","active","acceptance-evidence","server-completion","docs/flowstate/dod-checklist.md","2026-08-23T00:00:33"
"docs/server-completion/completion-manifest.json","N6","active","acceptance-evidence","server-completion","docs/flowstate/dod-checklist.md","2026-08-25T23:23:57"
"docs/server-completion/main-tick-blocked-2026-08-29.md","N6","deferred","acceptance-evidence","server-completion","docs/flowstate/dod-checklist.md","2026-08-26T00:09:27"
"docs/server-completion/main-tick-review-2026-08-29.md","N6","active","acceptance-evidence","server-completion","docs/flowstate/dod-checklist.md","2026-08-25T23:23:57"
"docs/server-completion/v319-test-world-import-runbook.md","N6","active","acceptance-evidence","server-completion","docs/flowstate/dod-checklist.md","2026-08-18T01:57:45"
"docs/worldgen/cursor-restart-replay.json","N6","active","acceptance-evidence","worldgen","docs/flowstate/dod-checklist.md","2026-08-31T22:50:57"
"docs/worldgen/legacy-worldgen-differential-physical-reduced.json","N6","active","acceptance-evidence","worldgen","docs/flowstate/dod-checklist.md","2026-08-18T21:25:29"
"docs/worldgen/legacy-worldgen-differential.json","N6","active","acceptance-evidence","worldgen","docs/flowstate/dod-checklist.md","2026-08-30T09:30:42"
"docs/worldgen/legacy-worldgen-import-parity.json","N6","active","acceptance-evidence","worldgen","docs/flowstate/dod-checklist.md","2026-08-19T01:03:40"
"docs/worldgen/legacy-worldgen-oracle-full-baseline-first.json","N6","active","acceptance-evidence","worldgen","docs/flowstate/dod-checklist.md","2026-08-18T21:46:54"
"docs/worldgen/legacy-worldgen-oracle-physical-reduced.json","N6","active","acceptance-evidence","worldgen","docs/flowstate/dod-checklist.md","2026-08-18T20:24:41"
"docs/worldgen/legacy-worldgen-oracle.json","N6","active","acceptance-evidence","worldgen","docs/flowstate/dod-checklist.md","2026-08-18T22:04:19"
"docs/worldgen/legacy-worldgen-replay-physical-reduced.json","N6","active","acceptance-evidence","worldgen","docs/flowstate/dod-checklist.md","2026-08-18T21:25:07"
"docs/worldgen/legacy-worldgen-replay.json","N6","active","acceptance-evidence","worldgen","docs/flowstate/dod-checklist.md","2026-08-19T02:39:27"
"docs/worldgen/worldgen-deletion-gate.json","N6","active","acceptance-evidence","worldgen","docs/flowstate/dod-checklist.md","2026-08-30T12:09:10"
"docs/worldgen/worldgen-field-status-overlay-2026-08-29.json","N6","active","acceptance-evidence","worldgen","docs/flowstate/dod-checklist.md","2026-08-30T00:20:40"
"docs/worldgen/worldgen-method-map.md","N6","active","acceptance-evidence","worldgen","docs/flowstate/dod-checklist.md","2026-08-31T22:50:55"
"docs/worldgen/worldgen-parity-report.md","N6","active","acceptance-evidence","worldgen","docs/flowstate/dod-checklist.md","2026-08-30T22:59:05"
"docs/worldgen/worldgen-source-inventory.json","N6","active","acceptance-evidence","worldgen","docs/flowstate/dod-checklist.md","2026-08-31T22:50:55"
"docs/worldgen/worldgen-stage-contract.json","N6","active","acceptance-evidence","worldgen","docs/flowstate/dod-checklist.md","2026-08-23T01:20:54"
