"scope","path","symbols"
"production-candidate","src/NSSLC/Component/Items/System/WorldDrops/WorldItemMotionSystem.cs","EntityRuntime"
"production-candidate","src/NSSLC/Component/Items/System/WorldDrops/WorldItemReservationSystem.cs","EntityRuntime;EntityRuntimeId"
"production-candidate","src/NSSLC/Component/LeashedEntity/System/LeashedEntityRegistrationSystem.cs","EntityRuntime;RuntimeEntityHandle"
"production-candidate","src/NSSLC/Component/Npc/System/NpcTaskLifecycleSystem.cs","RuntimeEntityHandle"
"production-candidate","src/NSSLC/Component/Npc/System/NpcTaskReference.cs","RuntimeEntityHandle"
"production-candidate","src/NSSLC/Component/Projectile/System/ProjectileLifecycleSystem.cs","EntityRuntime;RuntimeEntityHandle;EntityComponentEditor;EntityComponentInspector;TryEdit"
"production-candidate","src/NSSLC/Component/Projectile/System/ProjectileStaticNpcImmunitySystem.cs","EntityRuntime;RuntimeEntityHandle;TryEdit"
"production-candidate","src/NSSLC/Component/Projectile/System/ProjectileTickContext.cs","RuntimeEntityHandle"
"production-candidate","src/NSSLC/Component/Projectile/System/ProjectileTickCoordinator.cs","EntityRuntime;RuntimeEntityHandle;TryEdit"
"production-candidate","src/NSSLC/Component/Relationships/System/EntityReference.cs","EntityRuntimeId"
"production-candidate","src/NSSLC/Component/Relationships/System/EntityRuntimeId.cs","EntityRuntimeId"
"production-candidate","src/NSSLC/Component/Relationships/System/ItemEntityRef.cs","EntityRuntimeId"
"production-candidate","src/NSSLC/Component/Relationships/System/RuntimeEntityHandle.cs","EntityRuntimeId;RuntimeEntityHandle"
"production-candidate","src/NSSLC/Component/Share/Entity/System/ComponentAccess.cs","RuntimeEntityHandle;EntityComponentSnapshot;EntityComponentEditor;EntityComponentInspector;EntityComponentPairEditor;EntityComponentTripleEditor;EntityComponentFiveEditor;EntityComponentSixEditor"
"production-candidate","src/NSSLC/Component/Share/Entity/System/ComponentStore.cs","ComponentStore;IComponentStore;ComponentCell;RuntimeEntityHandle;EntityComponentSnapshot;EntityComponentEditor;EntityComponentInspector;TryEdit"
"production-candidate","src/NSSLC/Component/Share/Entity/System/EntityIdentityRegistry.cs","RuntimeEntityHandle"
"production-candidate","src/NSSLC/Component/Share/Entity/System/EntityRuntime.cs","EntityRuntime;EntityRuntimeId;ComponentStore;IComponentStore;RuntimeEntityHandle;EntityComponentSnapshot;EntityComponentEditor;EntityComponentInspector;EntityComponentPairEditor;EntityComponentTripleEditor;EntityComponentFiveEditor;EntityComponentSixEditor;TryEdit;Match<T"
"production-candidate","src/NSSLC/Component/WorldStorage/TileEntityBindingComponent.cs","EntityRuntime"
"production-candidate","src/NSSLC/Component/WorldStorage/System/TileEntityRecord.cs","RuntimeEntityHandle"
"production-candidate","src/NSSLC/Component/WorldStorage/System/TileEntityStore.cs","EntityRuntime;RuntimeEntityHandle;TryEdit"
"production-candidate","src/NSSLC/Component/WorldStorage/System/WorldStorageRoot.cs","EntityRuntime"
"production-candidate","src/NSSLC.Application/Network/IProjectileNetworkCommandSessionQuery.cs","EntityRuntime"
"production-candidate","src/NSSLC.Application/Network/IProjectileNetworkOwnerThreadScheduler.cs","EntityRuntime"
"production-candidate","src/NSSLC.Application/Network/NetworkPlayerOwner.cs","EntityRuntime;EntityRuntimeId;RuntimeEntityHandle;TryEdit"
"production-candidate","src/NSSLC.Application/Network/NetworkPlayerOwner.Loadout.cs","EntityRuntime"
"production-candidate","src/NSSLC.Application/Network/NetworkPlayerOwner.State.cs","EntityRuntime;RuntimeEntityHandle;TryEdit"
"production-candidate","src/NSSLC.Application/Network/NetworkSessionContext.cs","EntityRuntimeId"
"production-candidate","src/NSSLC.Application/Network/NetworkWorldItemOwner.cs","EntityRuntime;RuntimeEntityHandle"
"production-candidate","src/NSSLC.Application/Network/ProjectileNetworkCommandOwner.cs","EntityRuntime;RuntimeEntityHandle"
"production-candidate","src/NSSLC.Application/Network/ProjectileNetworkCommandSession.cs","EntityRuntime"
"production-candidate","src/NSSLC.Application/Network/SocialNpcEffectOwner.cs","EntityRuntime;EntityRuntimeId;RuntimeEntityHandle;TryEdit;Match<T"
"production-candidate","src/NSSLC.Application/Network/SocialNpcEffectSnapshot.cs","RuntimeEntityHandle"
"production-candidate","src/NSSLC.Application/Network/SocialPlayerNpcInteractionSnapshot.cs","EntityRuntimeId"
"production-candidate","src/NSSLC.Application/Network/SocialProjectileSpawnSnapshot.cs","RuntimeEntityHandle"
"production-candidate","src/NSSLC.Application/WorldStorage/Loading/LoadedWorldSession.cs","EntityRuntime;EntityRuntimeId"
"production-candidate","src/NSSLC.Infrastructure/Network/NetworkGatewayHost.cs","EntityRuntimeId"
"production-candidate","src/NSSLC.Infrastructure/Network/PacketGateway.cs","EntityRuntimeId"
"production-candidate","src/NSSLC.Infrastructure/Network/SocialPacketHandlers.cs","EntityRuntimeId"
"production-candidate","src/NSSLC.Infrastructure/Network/WorldGenerationTileFrameRepairAdapter.cs","EntityRuntimeId"
"production-candidate","src/NSSLC.Infrastructure/Network/WorldSynchronizationPacketHandlers.cs","EntityRuntimeId"
"production-candidate","src/NSSLC.Infrastructure/Network/WorldTileMetricsPacketProducer.cs","EntityRuntimeId"
"production-candidate","src/NSSLC.Infrastructure/Network/WorldTimePacketProducer.cs","EntityRuntimeId"
"production-candidate","src/NSSLC.Infrastructure/WorldStorage/WorldStorageCoordinatorFactory.cs","EntityRuntime"
"production-candidate","src/NSSLC.Tools.NetworkServer/Program.cs","EntityRuntime"
"production-candidate","src/NSSLC.Tools.Simulation/NpcTaskLifecycleProbe.cs","EntityRuntime"
"production-candidate","src/NSSLC.Tools.Simulation/Program.cs","EntityRuntime;EntityRuntimeId;RuntimeEntityHandle;Match<T"
"production-candidate","src/NSSLC.Tools.Simulation/RuntimeItemRegistry.cs","EntityRuntime;RuntimeEntityHandle;EntityComponentSnapshot"
"production-candidate","src/NSSLC.Tools.Simulation/RuntimeNpcEntity.cs","EntityRuntime;RuntimeEntityHandle;EntityComponentPairEditor;TryEdit"
"production-candidate","src/NSSLC.Tools.Simulation/RuntimeNpcProjectileTargetSnapshot.cs","RuntimeEntityHandle"
"production-candidate","src/NSSLC.Tools.Simulation/RuntimeNpcStore.cs","EntityRuntime;RuntimeEntityHandle;TryEdit"
"production-candidate","src/NSSLC.Tools.Simulation/RuntimeNpcTargetSelectionAdapter.cs","RuntimeEntityHandle"
"production-candidate","src/NSSLC.Tools.Simulation/RuntimeNpcTrainingDummyBinding.cs","RuntimeEntityHandle"
"production-candidate","src/NSSLC.Tools.Simulation/RuntimePlayerEntity.cs","EntityRuntime;RuntimeEntityHandle;EntityComponentEditor;TryEdit"
"production-candidate","src/NSSLC.Tools.Simulation/RuntimePlayerInventoryOwner.cs","EntityRuntime;RuntimeEntityHandle;TryEdit"
"production-candidate","src/NSSLC.Tools.Simulation/RuntimePlayerStore.cs","EntityRuntime;RuntimeEntityHandle"
"production-candidate","src/NSSLC.Tools.Simulation/RuntimeProjectileStore.cs","EntityRuntime;RuntimeEntityHandle;TryEdit"
"production-candidate","src/NSSLC.Tools.Simulation/RuntimeSpatialEntityVerification.cs","EntityRuntime;RuntimeEntityHandle;EntityComponentSnapshot;TryEdit;Match<T"
"production-candidate","src/NSSLC.Tools.Simulation/RuntimeSteamItemNetworkCommandOwner.cs","EntityRuntime"
"production-candidate","src/NSSLC.Tools.Simulation/RuntimeTileEntityReloadVerification.cs","EntityRuntime;EntityRuntimeId;RuntimeEntityHandle"
"production-candidate","src/NSSLC.Tools.Simulation/RuntimeWorldItemStore.cs","EntityRuntime"
"production-candidate","src/NSSLC.Tools.Simulation/RuntimeWorldItemStore.NetworkSync.cs","EntityRuntime;RuntimeEntityHandle;EntityComponentSnapshot"
"production-candidate","src/NSSLC.Tools.Simulation/RuntimeWorldLoadRollbackVerification.cs","EntityRuntime;EntityRuntimeId;RuntimeEntityHandle;Match<T"
