"symbol","productionCandidateFiles","testFiles","referenceOnlyFiles"
"EntityRuntime","37","26","0"
"EntityRuntimeId","21","28","0"
"ComponentStore","2","0","0"
"IComponentStore","2","0","0"
"ComponentCell","1","0","0"
"RuntimeEntityHandle","36","20","0"
"EntityComponentSnapshot","6","1","0"
"EntityComponentEditor","5","1","0"
"EntityComponentInspector","4","0","0"
"EntityComponentPairEditor","3","0","0"
"EntityComponentTripleEditor","2","0","0"
"EntityComponentFiveEditor","2","0","0"
"EntityComponentSixEditor","2","0","0"
"TryEdit","15","10","0"
"Match<T","5","1","0"
