source	target	logicalDomain	artifactType	operation	status
docs/组件文档/CONTEXT.md	docs/architecture/entity-identity-context.md	architecture	context	move-and-rename	completed
docs/组件文档/初代文档	docs/component-decomposition/baseline	component-decomposition	baseline	move-directory	completed
docs/组件文档/第一轮审查	docs/component-decomposition/review-round-1	component-decomposition	design-and-review	move-directory	completed
docs/组件文档/第一轮审查/设计	docs/component-decomposition/review-round-1/design	component-decomposition	design	rename-directory	completed
docs/组件文档/第一轮审查/报告	docs/component-decomposition/review-round-1/reports	component-decomposition	report	rename-directory	completed
docs/组件文档/第二轮审查	docs/component-decomposition/review-round-2	component-decomposition	design-execution-audit	move-directory	completed
docs/组件文档/第二轮审查/设计	docs/component-decomposition/review-round-2/design	component-decomposition	design	rename-directory	completed
docs/组件文档/第二轮审查/报告	docs/component-decomposition/review-round-2/reports	component-decomposition	report	rename-directory	completed
docs/组件文档/第二轮审查/非权威	docs/component-decomposition/review-round-2/non-authoritative	component-decomposition	non-authoritative-review	rename-directory	completed
docs/组件文档/迁移参考表	docs/migration/ledgers	migration	ledger-and-index	move-directory	completed
docs/组件文档/迁移参考表/Version4非权威组件拆分分区	docs/migration/ledgers/non-authoritative-component-partitions	migration	partition-ledger	rename-directory	completed
docs/组件文档/迁移参考表/Version4权威模拟系统字段属性逐成员源码声明-20分区	docs/migration/ledgers/authoritative-20-partitions	migration	partition-ledger	rename-directory	completed
docs/组件文档/adr	docs/architecture/decisions	architecture	decision	move-directory	completed
docs/组件文档/cr	docs/cr/component-decomposition	change-control	decision	move-directory	completed
docs/组件文档/plans	docs/plans/component-decomposition	plans	plan	move-directory	completed
docs/组件文档/tasks	docs/plans/tasks	plans	task	move-directory	completed
docs/第一轮审查/报告	docs/system-decomposition/reports	system-decomposition	evidence-and-retrospective	move-directory	completed
docs/plans/*.md	docs/plans/system-decomposition/*.md	system-decomposition	plan	move-files	completed
docs/人工审查	docs/reviews/human	reviews	human-review	move-directory	completed
docs/audit-report-NLTX-2026-09-15.md	docs/reviews/audits/audit-report-NLTX-2026-09-15.md	reviews	audit	move-and-rename	completed
docs/迁移项目与既有项目能力评估报告.md	docs/migration/assessments/迁移项目与既有项目能力评估报告.md	migration	assessment	move-and-rename	completed
.agents/skills/ecs-system-domain-splitting/managed/function-body-cleanup/version4-20260916-002/cleaned/Version4/docs/plans/2026-09-02-system-split-markdown-writing-guide.md	docs/system-decomposition/2026-09-02-system-split-markdown-writing-guide.md	system-decomposition	guide	move-file	completed
docs/plans/system-decomposition/2026-09-18-system-decomposition-authoritative-20-partition-tasks.md	docs/system-decomposition/authoritative/2026-09-18-system-decomposition-authoritative-20-partition-tasks.md	system-decomposition	claimable-task	move-file	completed
docs/plans/system-decomposition/2026-09-18-system-decomposition-non-authoritative-20-partition-tasks.md	docs/system-decomposition/non-authoritative/2026-09-18-system-decomposition-non-authoritative-20-partition-tasks.md	system-decomposition	claimable-task	move-file	completed
docs/system-decomposition/authoritative/2026-09-18-system-decomposition-authoritative-20-partition-tasks.md	docs/system-decomposition/2026-09-18-system-decomposition-authoritative-20-partition-tasks.md	system-decomposition	claimable-task-copy	copy-file	completed
docs/system-decomposition/non-authoritative/2026-09-18-system-decomposition-non-authoritative-20-partition-tasks.md	docs/system-decomposition/2026-09-18-system-decomposition-non-authoritative-20-partition-tasks.md	system-decomposition	claimable-task-copy	copy-file	completed
