"path","project","compileRule","ruleBasis"
"src/NSSLC/Component/Items/System/WorldDrops/WorldItemMotionSystem.cs","src/NSSLC/Component/Items/Terraria.Items.csproj","SDK default Compile glob","No project-level Compile Remove found; project uses SDK default Compile items"
"src/NSSLC/Component/Items/System/WorldDrops/WorldItemReservationSystem.cs","src/NSSLC/Component/Items/Terraria.Items.csproj","SDK default Compile glob","No project-level Compile Remove found; project uses SDK default Compile items"
"src/NSSLC/Component/LeashedEntity/System/LeashedEntityRegistrationSystem.cs","src/NSSLC/Component/LeashedEntity/Terraria.LeashedEntity.csproj","SDK default Compile glob","No project-level Compile Remove found; project uses SDK default Compile items"
"src/NSSLC/Component/Npc/System/NpcTaskLifecycleSystem.cs","src/NSSLC/Component/Npc/Terraria.Npc.csproj","SDK default Compile glob","No project-level Compile Remove found; project uses SDK default Compile items"
"src/NSSLC/Component/Npc/System/NpcTaskReference.cs","src/NSSLC/Component/Npc/Terraria.Npc.csproj","SDK default Compile glob","No project-level Compile Remove found; project uses SDK default Compile items"
"src/NSSLC/Component/Projectile/System/ProjectileLifecycleSystem.cs","src/NSSLC/Component/Projectile/Terraria.Projectile.csproj","SDK default Compile glob","No project-level Compile Remove found; project uses SDK default Compile items"
"src/NSSLC/Component/Projectile/System/ProjectileStaticNpcImmunitySystem.cs","src/NSSLC/Component/Projectile/Terraria.Projectile.csproj","SDK default Compile glob","No project-level Compile Remove found; project uses SDK default Compile items"
"src/NSSLC/Component/Projectile/System/ProjectileTickContext.cs","src/NSSLC/Component/Projectile/Terraria.Projectile.csproj","SDK default Compile glob","No project-level Compile Remove found; project uses SDK default Compile items"
"src/NSSLC/Component/Projectile/System/ProjectileTickCoordinator.cs","src/NSSLC/Component/Projectile/Terraria.Projectile.csproj","SDK default Compile glob","No project-level Compile Remove found; project uses SDK default Compile items"
"src/NSSLC/Component/Relationships/System/EntityReference.cs","src/NSSLC/Component/Relationships/Terraria.Relationships.csproj","SDK default Compile glob","No project-level Compile Remove found; project uses SDK default Compile items"
"src/NSSLC/Component/Relationships/System/EntityRuntimeId.cs","src/NSSLC/Component/Relationships/Terraria.Relationships.csproj","SDK default Compile glob","No project-level Compile Remove found; project uses SDK default Compile items"
"src/NSSLC/Component/Relationships/System/ItemEntityRef.cs","src/NSSLC/Component/Relationships/Terraria.Relationships.csproj","SDK default Compile glob","No project-level Compile Remove found; project uses SDK default Compile items"
"src/NSSLC/Component/Relationships/System/RuntimeEntityHandle.cs","src/NSSLC/Component/Relationships/Terraria.Relationships.csproj","SDK default Compile glob","No project-level Compile Remove found; project uses SDK default Compile items"
"src/NSSLC/Component/Share/Entity/System/ComponentAccess.cs","src/NSSLC/Component/Share/Entity/Terraria.EntityEcs.csproj","SDK default Compile glob","No project-level Compile Remove found; project uses SDK default Compile items"
"src/NSSLC/Component/Share/Entity/System/ComponentStore.cs","src/NSSLC/Component/Share/Entity/Terraria.EntityEcs.csproj","SDK default Compile glob","No project-level Compile Remove found; project uses SDK default Compile items"
"src/NSSLC/Component/Share/Entity/System/EntityIdentityRegistry.cs","src/NSSLC/Component/Share/Entity/Terraria.EntityEcs.csproj","SDK default Compile glob","No project-level Compile Remove found; project uses SDK default Compile items"
"src/NSSLC/Component/Share/Entity/System/EntityRuntime.cs","src/NSSLC/Component/Share/Entity/Terraria.EntityEcs.csproj","SDK default Compile glob","No project-level Compile Remove found; project uses SDK default Compile items"
"src/NSSLC/Component/WorldStorage/TileEntityBindingComponent.cs","src/NSSLC/Component/WorldStorage/Terraria.WorldStorage.csproj","SDK default Compile glob","No project-level Compile Remove found; project uses SDK default Compile items"
"src/NSSLC/Component/WorldStorage/System/TileEntityRecord.cs","src/NSSLC/Component/WorldStorage/Terraria.WorldStorage.csproj","SDK default Compile glob","No project-level Compile Remove found; project uses SDK default Compile items"
"src/NSSLC/Component/WorldStorage/System/TileEntityStore.cs","src/NSSLC/Component/WorldStorage/Terraria.WorldStorage.csproj","SDK default Compile glob","No project-level Compile Remove found; project uses SDK default Compile items"
"src/NSSLC/Component/WorldStorage/System/WorldStorageRoot.cs","src/NSSLC/Component/WorldStorage/Terraria.WorldStorage.csproj","SDK default Compile glob","No project-level Compile Remove found; project uses SDK default Compile items"
"src/NSSLC.Application/Network/IProjectileNetworkCommandSessionQuery.cs","src/NSSLC.Application/NSSLC.Application.csproj","SDK default Compile glob","No project-level Compile Remove found; project uses SDK default Compile items"
"src/NSSLC.Application/Network/IProjectileNetworkOwnerThreadScheduler.cs","src/NSSLC.Application/NSSLC.Application.csproj","SDK default Compile glob","No project-level Compile Remove found; project uses SDK default Compile items"
"src/NSSLC.Application/Network/NetworkPlayerOwner.cs","src/NSSLC.Application/NSSLC.Application.csproj","SDK default Compile glob","No project-level Compile Remove found; project uses SDK default Compile items"
"src/NSSLC.Application/Network/NetworkPlayerOwner.Loadout.cs","src/NSSLC.Application/NSSLC.Application.csproj","SDK default Compile glob","No project-level Compile Remove found; project uses SDK default Compile items"
"src/NSSLC.Application/Network/NetworkPlayerOwner.State.cs","src/NSSLC.Application/NSSLC.Application.csproj","SDK default Compile glob","No project-level Compile Remove found; project uses SDK default Compile items"
"src/NSSLC.Application/Network/NetworkSessionContext.cs","src/NSSLC.Application/NSSLC.Application.csproj","SDK default Compile glob","No project-level Compile Remove found; project uses SDK default Compile items"
"src/NSSLC.Application/Network/NetworkWorldItemOwner.cs","src/NSSLC.Application/NSSLC.Application.csproj","SDK default Compile glob","No project-level Compile Remove found; project uses SDK default Compile items"
"src/NSSLC.Application/Network/ProjectileNetworkCommandOwner.cs","src/NSSLC.Application/NSSLC.Application.csproj","SDK default Compile glob","No project-level Compile Remove found; project uses SDK default Compile items"
"src/NSSLC.Application/Network/ProjectileNetworkCommandSession.cs","src/NSSLC.Application/NSSLC.Application.csproj","SDK default Compile glob","No project-level Compile Remove found; project uses SDK default Compile items"
"src/NSSLC.Application/Network/SocialNpcEffectOwner.cs","src/NSSLC.Application/NSSLC.Application.csproj","SDK default Compile glob","No project-level Compile Remove found; project uses SDK default Compile items"
"src/NSSLC.Application/Network/SocialNpcEffectSnapshot.cs","src/NSSLC.Application/NSSLC.Application.csproj","SDK default Compile glob","No project-level Compile Remove found; project uses SDK default Compile items"
"src/NSSLC.Application/Network/SocialPlayerNpcInteractionSnapshot.cs","src/NSSLC.Application/NSSLC.Application.csproj","SDK default Compile glob","No project-level Compile Remove found; project uses SDK default Compile items"
"src/NSSLC.Application/Network/SocialProjectileSpawnSnapshot.cs","src/NSSLC.Application/NSSLC.Application.csproj","SDK default Compile glob","No project-level Compile Remove found; project uses SDK default Compile items"
"src/NSSLC.Application/WorldStorage/Loading/LoadedWorldSession.cs","src/NSSLC.Application/NSSLC.Application.csproj","SDK default Compile glob","No project-level Compile Remove found; project uses SDK default Compile items"
"src/NSSLC.Infrastructure/Network/NetworkGatewayHost.cs","src/NSSLC.Infrastructure/Network/NSSLC.Infrastructure.Network.csproj","explicit *.cs include","*.cs"
"src/NSSLC.Infrastructure/Network/PacketGateway.cs","src/NSSLC.Infrastructure/Network/NSSLC.Infrastructure.Network.csproj","explicit *.cs include","*.cs"
"src/NSSLC.Infrastructure/Network/SocialPacketHandlers.cs","src/NSSLC.Infrastructure/Network/NSSLC.Infrastructure.Network.csproj","explicit *.cs include","*.cs"
"src/NSSLC.Infrastructure/Network/WorldGenerationTileFrameRepairAdapter.cs","src/NSSLC.Infrastructure/Network/NSSLC.Infrastructure.Network.csproj","explicit *.cs include","*.cs"
"src/NSSLC.Infrastructure/Network/WorldSynchronizationPacketHandlers.cs","src/NSSLC.Infrastructure/Network/NSSLC.Infrastructure.Network.csproj","explicit *.cs include","*.cs"
"src/NSSLC.Infrastructure/Network/WorldTileMetricsPacketProducer.cs","src/NSSLC.Infrastructure/Network/NSSLC.Infrastructure.Network.csproj","explicit *.cs include","*.cs"
"src/NSSLC.Infrastructure/Network/WorldTimePacketProducer.cs","src/NSSLC.Infrastructure/Network/NSSLC.Infrastructure.Network.csproj","explicit *.cs include","*.cs"
"src/NSSLC.Infrastructure/WorldStorage/WorldStorageCoordinatorFactory.cs","src/NSSLC.Infrastructure/WorldStorage/NSSLC.Infrastructure.WorldStorage.csproj","explicit Compile Include","WorldStorageCoordinatorFactory.cs"
"src/NSSLC.Tools.NetworkServer/Program.cs","src/NSSLC.Tools.NetworkServer/NSSLC.Tools.NetworkServer.csproj","SDK default Compile glob","No project-level Compile Remove found; project uses SDK default Compile items"
"src/NSSLC.Tools.Simulation/NpcTaskLifecycleProbe.cs","src/NSSLC.Tools.Simulation/NSSLC.Tools.Simulation.csproj","SDK default Compile glob","No project-level Compile Remove found; project uses SDK default Compile items"
"src/NSSLC.Tools.Simulation/Program.cs","src/NSSLC.Tools.Simulation/NSSLC.Tools.Simulation.csproj","SDK default Compile glob","No project-level Compile Remove found; project uses SDK default Compile items"
"src/NSSLC.Tools.Simulation/RuntimeItemRegistry.cs","src/NSSLC.Tools.Simulation/NSSLC.Tools.Simulation.csproj","SDK default Compile glob","No project-level Compile Remove found; project uses SDK default Compile items"
"src/NSSLC.Tools.Simulation/RuntimeNpcEntity.cs","src/NSSLC.Tools.Simulation/NSSLC.Tools.Simulation.csproj","SDK default Compile glob","No project-level Compile Remove found; project uses SDK default Compile items"
"src/NSSLC.Tools.Simulation/RuntimeNpcProjectileTargetSnapshot.cs","src/NSSLC.Tools.Simulation/NSSLC.Tools.Simulation.csproj","SDK default Compile glob","No project-level Compile Remove found; project uses SDK default Compile items"
"src/NSSLC.Tools.Simulation/RuntimeNpcStore.cs","src/NSSLC.Tools.Simulation/NSSLC.Tools.Simulation.csproj","SDK default Compile glob","No project-level Compile Remove found; project uses SDK default Compile items"
"src/NSSLC.Tools.Simulation/RuntimeNpcTargetSelectionAdapter.cs","src/NSSLC.Tools.Simulation/NSSLC.Tools.Simulation.csproj","SDK default Compile glob","No project-level Compile Remove found; project uses SDK default Compile items"
"src/NSSLC.Tools.Simulation/RuntimeNpcTrainingDummyBinding.cs","src/NSSLC.Tools.Simulation/NSSLC.Tools.Simulation.csproj","SDK default Compile glob","No project-level Compile Remove found; project uses SDK default Compile items"
"src/NSSLC.Tools.Simulation/RuntimePlayerEntity.cs","src/NSSLC.Tools.Simulation/NSSLC.Tools.Simulation.csproj","SDK default Compile glob","No project-level Compile Remove found; project uses SDK default Compile items"
"src/NSSLC.Tools.Simulation/RuntimePlayerInventoryOwner.cs","src/NSSLC.Tools.Simulation/NSSLC.Tools.Simulation.csproj","SDK default Compile glob","No project-level Compile Remove found; project uses SDK default Compile items"
"src/NSSLC.Tools.Simulation/RuntimePlayerStore.cs","src/NSSLC.Tools.Simulation/NSSLC.Tools.Simulation.csproj","SDK default Compile glob","No project-level Compile Remove found; project uses SDK default Compile items"
"src/NSSLC.Tools.Simulation/RuntimeProjectileStore.cs","src/NSSLC.Tools.Simulation/NSSLC.Tools.Simulation.csproj","SDK default Compile glob","No project-level Compile Remove found; project uses SDK default Compile items"
"src/NSSLC.Tools.Simulation/RuntimeSpatialEntityVerification.cs","src/NSSLC.Tools.Simulation/NSSLC.Tools.Simulation.csproj","SDK default Compile glob","No project-level Compile Remove found; project uses SDK default Compile items"
"src/NSSLC.Tools.Simulation/RuntimeSteamItemNetworkCommandOwner.cs","src/NSSLC.Tools.Simulation/NSSLC.Tools.Simulation.csproj","SDK default Compile glob","No project-level Compile Remove found; project uses SDK default Compile items"
"src/NSSLC.Tools.Simulation/RuntimeTileEntityReloadVerification.cs","src/NSSLC.Tools.Simulation/NSSLC.Tools.Simulation.csproj","SDK default Compile glob","No project-level Compile Remove found; project uses SDK default Compile items"
"src/NSSLC.Tools.Simulation/RuntimeWorldItemStore.cs","src/NSSLC.Tools.Simulation/NSSLC.Tools.Simulation.csproj","SDK default Compile glob","No project-level Compile Remove found; project uses SDK default Compile items"
"src/NSSLC.Tools.Simulation/RuntimeWorldItemStore.NetworkSync.cs","src/NSSLC.Tools.Simulation/NSSLC.Tools.Simulation.csproj","SDK default Compile glob","No project-level Compile Remove found; project uses SDK default Compile items"
"src/NSSLC.Tools.Simulation/RuntimeWorldLoadRollbackVerification.cs","src/NSSLC.Tools.Simulation/NSSLC.Tools.Simulation.csproj","SDK default Compile glob","No project-level Compile Remove found; project uses SDK default Compile items"
